2026-08-12T11:49:14,751  INFO Gbl:64 JVM: 25.0.2; Eclipse Adoptium; mixed mode, sharing; 64-bit
2026-08-12T11:49:14,752  INFO Gbl:68 OS: Mac OS X; 15.7.4; aarch64
2026-08-12T11:49:14,752  INFO Gbl:71 CPU cores: 14
2026-08-12T11:49:14,753  INFO Gbl:72 max. Memory: 1024.0MB (1073741824B)
2026-08-12T11:49:14,753  INFO Gbl:114 MATSim-Build: rc7a75ebeddc3ceb62959af046190064bf23770df ({2026-04-10 11:41:16})
2026-08-12T11:49:14,753  INFO Gbl:76 Command: org.matsim.other.RunMatsimWithoutApplication /Users/artyomkholodkov/Desktop/matsim-montpellier/./scenarios/equil/config-2026.xml
2026-08-12T11:49:14,754  INFO MemoryObserver:43 used RAM: 50 MB  free: 26 MB  total: 77 MB  max: 1024 MB
2026-08-12T11:49:14,755  INFO ControllerListenerManagerImpl:121 calling notifyStartup on org.matsim.core.controler.ControlerDefaultsModule$1 with priority 0.0
2026-08-12T11:49:14,765  INFO ControllerListenerManagerImpl:121 calling notifyStartup on org.matsim.guice.DependencyGraphControllerListener with priority 0.0
2026-08-12T11:49:14,796  INFO ControllerListenerManagerImpl:121 calling notifyStartup on org.matsim.counts.CountsControllerListener with priority 0.0
2026-08-12T11:49:14,796  INFO ControllerListenerManagerImpl:121 calling notifyStartup on org.matsim.analysis.ModeChoiceCoverageControllerListener with priority 0.0
2026-08-12T11:49:14,796  INFO ControllerListenerManagerImpl:121 calling notifyStartup on org.matsim.analysis.ModeStatsControllerListener with priority 0.0
2026-08-12T11:49:14,796  INFO ControllerListenerManagerImpl:121 calling notifyStartup on org.matsim.analysis.ScoreStatsControlerListener with priority 0.0
2026-08-12T11:49:14,796  INFO ControllerListenerManagerImpl:124 all ControllerStartupListeners called.
2026-08-12T11:49:14,796  INFO ControllerUtils:99 config dump before iterations start
2026-08-12T11:49:14,803  INFO ControllerUtils:106 === logging config.xml skipped ===
2026-08-12T11:49:14,803  INFO ControllerUtils:107 To enable debug output, set an environment variable i.e. export LOG_LEVEL='debug', or use Configurator...Level.DEBUG) in your run class.
2026-08-12T11:49:14,803  INFO ControllerUtils:111 Complete config dump done.
2026-08-12T11:49:14,804  INFO ControllerUtils:112 Checking consistency of config...
2026-08-12T11:49:14,804  INFO VspConfigConsistencyCheckerImpl:62 NOT running vsp config consistency check because vsp defaults checking level is set to IGNORE
2026-08-12T11:49:14,805  INFO ControllerUtils:114 Checking consistency of config done.
2026-08-12T11:49:14,805  WARN PrepareForSimImpl:273 'usePersonIdForMissingVehicleId' is deprecated. It will be removed soon. Use
2026-08-12T11:49:14,806  WARN PrepareForSimImpl:274 		config.qsim().setUsePersonIdForMissingVehicleId( false );
2026-08-12T11:49:14,806  WARN PrepareForSimImpl:275 in code, and 
2026-08-12T11:49:14,806  WARN PrepareForSimImpl:276 	<module name="qsim" >
2026-08-12T11:49:14,806  WARN PrepareForSimImpl:277 		<param name="usePersonIdForMissingVehicleId" value="false" />
2026-08-12T11:49:14,806  WARN PrepareForSimImpl:278 in the config xml.
2026-08-12T11:49:14,806  INFO Counter:71 [VehiclesImpl] added vehicle # 1
2026-08-12T11:49:14,806  INFO Counter:71 [VehiclesImpl] added vehicle # 4
2026-08-12T11:49:14,806  INFO Counter:71 [VehiclesImpl] added vehicle # 16
2026-08-12T11:49:14,807  INFO Counter:71 [VehiclesImpl] added vehicle # 64
2026-08-12T11:49:14,809  INFO NetworkImpl:192  node # 1
2026-08-12T11:49:14,809  INFO NetworkImpl:192  node # 4
2026-08-12T11:49:14,810  INFO NetworkImpl:152  link # 1
2026-08-12T11:49:14,810  INFO NetworkImpl:152  link # 4
2026-08-12T11:49:14,810  INFO NetworkImpl:152  link # 16
2026-08-12T11:49:14,810  INFO NetworkRoutingProvider:155 Checking network for mode 'car' for consistency...
2026-08-12T11:49:14,812  INFO MultimodalNetworkCleaner:104 running org.matsim.core.network.algorithms.MultimodalNetworkCleaner algorithm for modes [car] with connectivity modes []...
2026-08-12T11:49:14,812  INFO MultimodalNetworkCleaner:108   checking 15 nodes and 23 links for dead-ends...
2026-08-12T11:49:14,812  INFO MultimodalNetworkCleaner:126     The biggest cluster consists of 23 links.
2026-08-12T11:49:14,812  INFO MultimodalNetworkCleaner:127   done.
2026-08-12T11:49:14,813  INFO MultimodalNetworkCleaner:151   resulting network contains 15 nodes and 23 links.
2026-08-12T11:49:14,813  INFO MultimodalNetworkCleaner:153 done.
2026-08-12T11:49:14,813  WARN RandomizingTimeDistanceTravelDisutilityFactory:113 There will be no routing randomness for mode=car. The randomization of the travel disutility requires the monetary distance rate to be different than zero. Continuing anyway.
2026-08-12T11:49:14,813  WARN RandomizingTimeDistanceTravelDisutilityFactory:115 You can also set the width of the routing randomness to zero:
2026-08-12T11:49:14,813  WARN RandomizingTimeDistanceTravelDisutilityFactory:116 		config.routing().setRoutingRandomness( 0. );
2026-08-12T11:49:14,813  WARN RandomizingTimeDistanceTravelDisutilityFactory:117 in code, or
2026-08-12T11:49:14,814  WARN RandomizingTimeDistanceTravelDisutilityFactory:118 	<module name="routing" >
2026-08-12T11:49:14,814  WARN RandomizingTimeDistanceTravelDisutilityFactory:119 		<param name="routingRandomness" value="0." />
2026-08-12T11:49:14,814  WARN RandomizingTimeDistanceTravelDisutilityFactory:120 in the xml config
2026-08-12T11:49:14,814  WARN RandomizingTimeDistanceTravelDisutilityFactory:124 There will be no routing randomness for mode=car. The randomization of the travel disutility requires the travel time cost rate to be different than zero. Continuing anyway.
2026-08-12T11:49:14,815  INFO RandomizingTimeDistanceTravelDisutilityFactory:86  sigma: 3.0; resulting normalization: 0.011108996538242306
2026-08-12T11:49:14,816  INFO SpeedyALTData:51 find dead ends...
2026-08-12T11:49:14,816  INFO SpeedyALTData:132 calculate landmarks...
2026-08-12T11:49:14,818  INFO SpeedyALTData:173 calculate min travelcost...
2026-08-12T11:49:14,819  INFO RandomizingTimeDistanceTravelDisutilityFactory:86  sigma: 3.0; resulting normalization: 0.011108996538242306
2026-08-12T11:49:14,823  INFO Counter:71 [PersonPrepareForSim] handled person # 1
2026-08-12T11:49:14,823  INFO Counter:71 [PersonPrepareForSim] handled person # 4
2026-08-12T11:49:14,824  INFO Counter:71 [PersonPrepareForSim] handled person # 16
2026-08-12T11:49:14,827  INFO Counter:71 [PersonPrepareForSim] handled person # 64
2026-08-12T11:49:14,829  INFO Counter:76 [PersonPrepareForSim] handled person # 100
2026-08-12T11:49:14,829  INFO AbstractController:136 ###################################################
2026-08-12T11:49:14,829  INFO AbstractController:137 ### ITERATION 0 BEGINS
2026-08-12T11:49:14,830  INFO ControllerListenerManagerImpl:195 calling notifyIterationStarts on org.matsim.analysis.LegTimesControllerListener with priority 0.0
2026-08-12T11:49:14,831  INFO EventsManagerImpl:135 === Logging of event-handlers skipped ===
2026-08-12T11:49:14,831  INFO EventsManagerImpl:136 To enable debug output, set an environment variable i.e. export LOG_LEVEL='debug', or use Configurator...Level.DEBUG) in your run class.
2026-08-12T11:49:14,831  INFO EventsManagerImpl:205     > org.matsim.api.core.v01.events.PersonDepartureEvent
2026-08-12T11:49:14,831  INFO EventsManagerImpl:205     > org.matsim.api.core.v01.events.PersonArrivalEvent
2026-08-12T11:49:14,831  INFO EventsManagerImpl:205     > org.matsim.api.core.v01.events.ActivityEndEvent
2026-08-12T11:49:14,831  INFO EventsManagerImpl:205     > org.matsim.api.core.v01.events.ActivityStartEvent
2026-08-12T11:49:14,831  INFO EventsManagerImpl:135 === Logging of event-handlers skipped ===
2026-08-12T11:49:14,831  INFO EventsManagerImpl:136 To enable debug output, set an environment variable i.e. export LOG_LEVEL='debug', or use Configurator...Level.DEBUG) in your run class.
2026-08-12T11:49:14,831  INFO EventsManagerImpl:205     > org.matsim.api.core.v01.events.PersonDepartureEvent
2026-08-12T11:49:14,831  INFO EventsManagerImpl:205     > org.matsim.api.core.v01.events.PersonArrivalEvent
2026-08-12T11:49:14,831  INFO EventsManagerImpl:205     > org.matsim.api.core.v01.events.ActivityEndEvent
2026-08-12T11:49:14,831  INFO EventsManagerImpl:205     > org.matsim.api.core.v01.events.ActivityStartEvent
2026-08-12T11:49:14,831  INFO ControllerListenerManagerImpl:195 calling notifyIterationStarts on org.matsim.analysis.LegHistogramListener with priority 0.0
2026-08-12T11:49:14,832  INFO EventsManagerImpl:135 === Logging of event-handlers skipped ===
2026-08-12T11:49:14,832  INFO EventsManagerImpl:136 To enable debug output, set an environment variable i.e. export LOG_LEVEL='debug', or use Configurator...Level.DEBUG) in your run class.
2026-08-12T11:49:14,832  INFO EventsManagerImpl:205     > org.matsim.api.core.v01.events.PersonDepartureEvent
2026-08-12T11:49:14,832  INFO EventsManagerImpl:205     > org.matsim.api.core.v01.events.PersonArrivalEvent
2026-08-12T11:49:14,832  INFO EventsManagerImpl:205     > org.matsim.api.core.v01.events.PersonStuckEvent
2026-08-12T11:49:14,832  INFO EventsManagerImpl:135 === Logging of event-handlers skipped ===
2026-08-12T11:49:14,832  INFO EventsManagerImpl:136 To enable debug output, set an environment variable i.e. export LOG_LEVEL='debug', or use Configurator...Level.DEBUG) in your run class.
2026-08-12T11:49:14,832  INFO EventsManagerImpl:205     > org.matsim.api.core.v01.events.PersonDepartureEvent
2026-08-12T11:49:14,832  INFO EventsManagerImpl:205     > org.matsim.api.core.v01.events.PersonArrivalEvent
2026-08-12T11:49:14,832  INFO EventsManagerImpl:205     > org.matsim.api.core.v01.events.PersonStuckEvent
2026-08-12T11:49:14,832  INFO ControllerListenerManagerImpl:195 calling notifyIterationStarts on org.matsim.analysis.LinkStatsControllerListener with priority 0.0
2026-08-12T11:49:14,832  INFO ControllerListenerManagerImpl:195 calling notifyIterationStarts on org.matsim.core.replanning.ReplanningContextImpl with priority 0.0
2026-08-12T11:49:14,832  INFO ControllerListenerManagerImpl:195 calling notifyIterationStarts on org.matsim.core.scoring.ScoringFunctionsForPopulation$$Lambda/0x00001e0001314a18 with priority 0.0
2026-08-12T11:49:14,837  INFO ControllerListenerManagerImpl:195 calling notifyIterationStarts on org.matsim.core.scoring.ExperiencedPlansServiceImpl with priority 0.0
2026-08-12T11:49:14,838  INFO ControllerListenerManagerImpl:198 [it.0] all ControllerIterationStartsListeners called.
2026-08-12T11:49:14,838  INFO ControllerListenerManagerImpl:300 calling notifyBeforeMobsim on org.matsim.core.controler.corelisteners.EventsHandlingImpl with priority 0.0
2026-08-12T11:49:14,838  INFO EventsManagerImpl:169 resetting Event-Handlers
2026-08-12T11:49:14,838  INFO EventsManagerImpl:175   org.matsim.core.trafficmonitoring.TravelTimeCalculator
2026-08-12T11:49:14,838  INFO EventsManagerImpl:175   org.matsim.analysis.VolumesAnalyzer
2026-08-12T11:49:14,838  INFO EventsManagerImpl:175   org.matsim.core.scoring.ScoringFunctionsForPopulation
2026-08-12T11:49:14,838  INFO EventsManagerImpl:175   org.matsim.analysis.CalcLegTimes
2026-08-12T11:49:14,838  INFO EventsManagerImpl:175   org.matsim.analysis.LegHistogram
2026-08-12T11:49:15,703  INFO EventsManagerImpl:135 === Logging of event-handlers skipped ===
2026-08-12T11:49:15,703  INFO EventsManagerImpl:136 To enable debug output, set an environment variable i.e. export LOG_LEVEL='debug', or use Configurator...Level.DEBUG) in your run class.
2026-08-12T11:49:15,704  INFO EventsManagerImpl:205     > org.matsim.api.core.v01.events.Event
2026-08-12T11:49:15,704  INFO EventsManagerImpl:135 === Logging of event-handlers skipped ===
2026-08-12T11:49:15,704  INFO EventsManagerImpl:136 To enable debug output, set an environment variable i.e. export LOG_LEVEL='debug', or use Configurator...Level.DEBUG) in your run class.
2026-08-12T11:49:15,704  INFO EventsManagerImpl:205     > org.matsim.api.core.v01.events.Event
2026-08-12T11:49:15,704  INFO ControllerListenerManagerImpl:300 calling notifyBeforeMobsim on org.matsim.core.controler.corelisteners.PlansDumpingImpl with priority 0.0
2026-08-12T11:49:15,705  INFO PlansDumpingImpl:78 dumping plans...
2026-08-12T11:49:15,752  INFO Counter:71 [PopulationWriter] dumped person # 1
2026-08-12T11:49:15,753  INFO Counter:71 [PopulationWriter] dumped person # 4
2026-08-12T11:49:15,754  INFO Counter:71 [PopulationWriter] dumped person # 16
2026-08-12T11:49:15,759  INFO Counter:71 [PopulationWriter] dumped person # 64
2026-08-12T11:49:15,762  INFO PopulationWriter:150 Population written to: ./output/ITERS/it.0/0.plans.xml.zst
2026-08-12T11:49:15,762  INFO Counter:76 [PopulationWriter] dumped person # 100
2026-08-12T11:49:15,762  INFO PlansDumpingImpl:95 finished plans dump.
2026-08-12T11:49:15,763  INFO ControllerListenerManagerImpl:306 calling notifyBeforeMobsim on org.matsim.core.population.VspPlansCleaner with priority 0.0
2026-08-12T11:49:15,763  INFO ControllerListenerManagerImpl:309 [it.0] all ControlerBeforeMobsimListeners called.
2026-08-12T11:49:15,763  INFO RandomizingTimeDistanceTravelDisutilityFactory:86  sigma: 3.0; resulting normalization: 0.011108996538242306
2026-08-12T11:49:15,764  INFO RandomizingTimeDistanceTravelDisutilityFactory:86  sigma: 3.0; resulting normalization: 0.011108996538242306
2026-08-12T11:49:15,768  INFO Counter:71 [PersonPrepareForSim] handled person # 4
2026-08-12T11:49:15,768  INFO Counter:71 [PersonPrepareForSim] handled person # 1
2026-08-12T11:49:15,768  INFO Counter:71 [PersonPrepareForSim] handled person # 16
2026-08-12T11:49:15,768  INFO Counter:71 [PersonPrepareForSim] handled person # 64
2026-08-12T11:49:15,769  INFO Counter:76 [PersonPrepareForSim] handled person # 100
2026-08-12T11:49:15,788  INFO MobsimListenerManager:50 calling addQueueSimulationListener
2026-08-12T11:49:15,788  INFO MobsimListenerManager:54   assigned class org.matsim.core.mobsim.framework.listeners.MobsimListener to interface org.matsim.core.mobsim.framework.listeners.MobsimListener
2026-08-12T11:49:15,788  INFO MobsimListenerManager:54   assigned class org.matsim.core.mobsim.framework.listeners.MobsimListener to interface org.matsim.core.mobsim.framework.listeners.MobsimAfterSimStepListener
2026-08-12T11:49:15,788  INFO MobsimListenerManager:54   assigned class org.matsim.core.mobsim.framework.listeners.MobsimListener to interface org.matsim.core.mobsim.framework.listeners.MobsimBeforeCleanupListener
2026-08-12T11:49:15,788  INFO MobsimListenerManager:54   assigned class org.matsim.core.mobsim.framework.listeners.MobsimListener to interface org.matsim.core.mobsim.framework.listeners.MobsimInitializedListener
2026-08-12T11:49:15,788  INFO MobsimListenerManager:54   assigned class org.matsim.core.mobsim.framework.listeners.MobsimListener to interface org.matsim.vis.snapshotwriters.SnapshotWriterManager
2026-08-12T11:49:15,792  INFO QSimProvider:131 Added MobsimEngine class org.matsim.core.mobsim.qsim.ActivityEngineDefaultImpl
2026-08-12T11:49:15,792  INFO QSimProvider:137 Added Activityhandler class org.matsim.core.mobsim.qsim.ActivityEngineDefaultImpl
2026-08-12T11:49:15,797  WARN QueueWithBuffer:515 Link 1 too small: enlarge storage capacity from: 1333.3333333333333 Vehicles to: 3599.712023038157 Vehicles.  This is not fatal, but modifies the traffic flow dynamics.
2026-08-12T11:49:15,798  WARN QueueWithBuffer:515 Link 20 too small: enlarge storage capacity from: 1333.3333333333333 Vehicles to: 3599.712023038157 Vehicles.  This is not fatal, but modifies the traffic flow dynamics.
2026-08-12T11:49:15,798  WARN QueueWithBuffer:515 Link 21 too small: enlarge storage capacity from: 1333.3333333333333 Vehicles to: 3599.712023038157 Vehicles.  This is not fatal, but modifies the traffic flow dynamics.
2026-08-12T11:49:15,798  WARN QueueWithBuffer:515 Link 22 too small: enlarge storage capacity from: 4666.666666666667 Vehicles to: 12598.99208063355 Vehicles.  This is not fatal, but modifies the traffic flow dynamics.
2026-08-12T11:49:15,798  WARN QueueWithBuffer:515 Link 23 too small: enlarge storage capacity from: 1333.3333333333333 Vehicles to: 3599.712023038157 Vehicles.  This is not fatal, but modifies the traffic flow dynamics.
2026-08-12T11:49:15,798  INFO QSimProvider:131 Added MobsimEngine class org.matsim.core.mobsim.qsim.qnetsimengine.QNetsimEngineWithThreadpool
2026-08-12T11:49:15,798  INFO QSimProvider:143 Added DepartureHandler class org.matsim.core.mobsim.qsim.qnetsimengine.NetworkModeDepartureHandlerDefaultImpl
2026-08-12T11:49:15,799  INFO QSimProvider:131 Added MobsimEngine class org.matsim.core.mobsim.qsim.DefaultTeleportationEngine
2026-08-12T11:49:15,799  INFO QSimProvider:143 Added DepartureHandler class org.matsim.core.mobsim.qsim.DefaultTeleportationEngine
2026-08-12T11:49:15,799  INFO QSimProvider:149 Added AgentSource class org.matsim.core.mobsim.qsim.agents.PopulationAgentSource
2026-08-12T11:49:15,799  INFO MobsimListenerManager:50 calling addQueueSimulationListener
2026-08-12T11:49:15,799  INFO MobsimListenerManager:54   assigned class org.matsim.core.mobsim.framework.listeners.MobsimListener to interface org.matsim.core.mobsim.qsim.messagequeueengine.MessageQueueEngine
2026-08-12T11:49:15,799  INFO MobsimListenerManager:54   assigned class org.matsim.core.mobsim.framework.listeners.MobsimListener to interface org.matsim.core.mobsim.framework.listeners.MobsimListener
2026-08-12T11:49:15,799  INFO MobsimListenerManager:54   assigned class org.matsim.core.mobsim.framework.listeners.MobsimListener to interface org.matsim.core.mobsim.framework.listeners.MobsimBeforeSimStepListener
2026-08-12T11:49:15,799  INFO QSimProvider:155 Added MobsimListener class org.matsim.core.mobsim.qsim.messagequeueengine.MessageQueueEngine
2026-08-12T11:49:15,801  INFO VehicleUtils:431 adding scenario element for allvehicles container
2026-08-12T11:49:15,801  INFO Counter:71 [VehiclesImpl] added vehicle # 1
2026-08-12T11:49:15,801  INFO Counter:71 [VehiclesImpl] added vehicle # 4
2026-08-12T11:49:15,801  INFO Counter:71 [VehiclesImpl] added vehicle # 16
2026-08-12T11:49:15,801  INFO Counter:71 [VehiclesImpl] added vehicle # 64
2026-08-12T11:49:15,803  INFO PopulationUtils:1331 adding scenario element for allpersons container
2026-08-12T11:49:15,803  INFO Counter:71 PopulationImpl; person # 1
2026-08-12T11:49:15,803  INFO Counter:71 PopulationImpl; person # 4
2026-08-12T11:49:15,803  INFO Counter:71 PopulationImpl; person # 16
2026-08-12T11:49:15,805  INFO Counter:71 PopulationImpl; person # 64
2026-08-12T11:49:15,806  INFO AbstractQNetsimEngine:427 Assigned 15 nodes and 23 links to QSimEngineRunner #0
2026-08-12T11:49:15,806  INFO Counter:71 EventsManagerImpl; event #1
2026-08-12T11:49:15,807  INFO AbstractQNetsimEngine:365 SIMULATION (QNetsimEngine) AT 05:58:30 : #links=0 #nodes=0
2026-08-12T11:49:15,808  INFO QSim:551 SIMULATION (NEW QSim) AT 05:58:30 : #active agents=100 lost=0 simT=0.0s realT=0s; (s/r): 0.0
2026-08-12T11:49:15,812  INFO Counter:71 EventsManagerImpl; event #4
2026-08-12T11:49:15,816  INFO Counter:71 EventsManagerImpl; event #16
2026-08-12T11:49:15,817  INFO Counter:71 EventsManagerImpl; event #64
2026-08-12T11:49:15,817  INFO AbstractQNetsimEngine:365 SIMULATION (QNetsimEngine) AT 06:00:00 : #links=0 #nodes=0
2026-08-12T11:49:15,817  INFO QSim:551 SIMULATION (NEW QSim) AT 06:00:00 : #active agents=100 lost=0 simT=90.0s realT=0s; (s/r): Infinity
2026-08-12T11:49:15,899  INFO AbstractQNetsimEngine:365 SIMULATION (QNetsimEngine) AT 07:00:00 : #links=0 #nodes=0
2026-08-12T11:49:15,899  INFO QSim:551 SIMULATION (NEW QSim) AT 07:00:00 : #active agents=100 lost=0 simT=3690.0s realT=0s; (s/r): Infinity
2026-08-12T11:49:15,954  INFO AbstractQNetsimEngine:365 SIMULATION (QNetsimEngine) AT 08:00:00 : #links=0 #nodes=0
2026-08-12T11:49:15,954  INFO QSim:551 SIMULATION (NEW QSim) AT 08:00:00 : #active agents=100 lost=0 simT=7290.0s realT=0s; (s/r): Infinity
2026-08-12T11:49:15,966  INFO Counter:71 EventsManagerImpl; event #256
2026-08-12T11:49:15,969  INFO Counter:71 EventsManagerImpl; event #1024
2026-08-12T11:49:16,024  INFO AbstractQNetsimEngine:365 SIMULATION (QNetsimEngine) AT 09:00:00 : #links=0 #nodes=0
2026-08-12T11:49:16,024  INFO QSim:551 SIMULATION (NEW QSim) AT 09:00:00 : #active agents=100 lost=0 simT=10890.0s realT=0s; (s/r): Infinity
2026-08-12T11:49:16,075  INFO AbstractQNetsimEngine:365 SIMULATION (QNetsimEngine) AT 10:00:00 : #links=0 #nodes=0
2026-08-12T11:49:16,076  INFO QSim:551 SIMULATION (NEW QSim) AT 10:00:00 : #active agents=100 lost=0 simT=14490.0s realT=0s; (s/r): Infinity
2026-08-12T11:49:16,129  INFO AbstractQNetsimEngine:365 SIMULATION (QNetsimEngine) AT 11:00:00 : #links=0 #nodes=0
2026-08-12T11:49:16,129  INFO QSim:551 SIMULATION (NEW QSim) AT 11:00:00 : #active agents=100 lost=0 simT=18090.0s realT=0s; (s/r): Infinity
2026-08-12T11:49:16,180  INFO AbstractQNetsimEngine:365 SIMULATION (QNetsimEngine) AT 12:00:00 : #links=0 #nodes=0
2026-08-12T11:49:16,180  INFO QSim:551 SIMULATION (NEW QSim) AT 12:00:00 : #active agents=100 lost=0 simT=21690.0s realT=0s; (s/r): Infinity
2026-08-12T11:49:16,229  INFO AbstractQNetsimEngine:365 SIMULATION (QNetsimEngine) AT 13:00:00 : #links=0 #nodes=0
2026-08-12T11:49:16,229  INFO QSim:551 SIMULATION (NEW QSim) AT 13:00:00 : #active agents=100 lost=0 simT=25290.0s realT=0s; (s/r): Infinity
2026-08-12T11:49:16,284  INFO Counter:71 EventsManagerImpl; event #4096
2026-08-12T11:49:16,291  INFO AbstractQNetsimEngine:365 SIMULATION (QNetsimEngine) AT 14:00:00 : #links=0 #nodes=0
2026-08-12T11:49:16,291  INFO QSim:551 SIMULATION (NEW QSim) AT 14:00:00 : #active agents=100 lost=0 simT=28890.0s realT=0s; (s/r): Infinity
2026-08-12T11:49:16,341  INFO AbstractQNetsimEngine:365 SIMULATION (QNetsimEngine) AT 15:00:00 : #links=0 #nodes=0
2026-08-12T11:49:16,341  INFO QSim:551 SIMULATION (NEW QSim) AT 15:00:00 : #active agents=100 lost=0 simT=32490.0s realT=0s; (s/r): Infinity
2026-08-12T11:49:16,392  INFO AbstractQNetsimEngine:365 SIMULATION (QNetsimEngine) AT 16:00:00 : #links=0 #nodes=0
2026-08-12T11:49:16,392  INFO QSim:551 SIMULATION (NEW QSim) AT 16:00:00 : #active agents=100 lost=0 simT=36090.0s realT=0s; (s/r): Infinity
2026-08-12T11:49:16,445  INFO AbstractQNetsimEngine:365 SIMULATION (QNetsimEngine) AT 17:00:00 : #links=0 #nodes=0
2026-08-12T11:49:16,445  INFO QSim:551 SIMULATION (NEW QSim) AT 17:00:00 : #active agents=5 lost=0 simT=39690.0s realT=0s; (s/r): Infinity
2026-08-12T11:49:16,497  INFO AbstractQNetsimEngine:365 SIMULATION (QNetsimEngine) AT 18:00:00 : #links=0 #nodes=0
2026-08-12T11:49:16,497  INFO QSim:551 SIMULATION (NEW QSim) AT 18:00:00 : #active agents=4 lost=0 simT=43290.0s realT=0s; (s/r): Infinity
2026-08-12T11:49:16,551  INFO AbstractQNetsimEngine:365 SIMULATION (QNetsimEngine) AT 19:00:00 : #links=0 #nodes=0
2026-08-12T11:49:16,552  INFO QSim:551 SIMULATION (NEW QSim) AT 19:00:00 : #active agents=2 lost=0 simT=46890.0s realT=0s; (s/r): Infinity
2026-08-12T11:49:16,602  INFO AbstractQNetsimEngine:365 SIMULATION (QNetsimEngine) AT 20:00:00 : #links=0 #nodes=0
2026-08-12T11:49:16,602  INFO QSim:551 SIMULATION (NEW QSim) AT 20:00:00 : #active agents=2 lost=0 simT=50490.0s realT=0s; (s/r): Infinity
2026-08-12T11:49:16,653  INFO AbstractQNetsimEngine:365 SIMULATION (QNetsimEngine) AT 21:00:00 : #links=1 #nodes=0
2026-08-12T11:49:16,653  INFO QSim:551 SIMULATION (NEW QSim) AT 21:00:00 : #active agents=2 lost=0 simT=54090.0s realT=0s; (s/r): Infinity
2026-08-12T11:49:16,704  INFO AbstractQNetsimEngine:365 SIMULATION (QNetsimEngine) AT 22:00:00 : #links=0 #nodes=0
2026-08-12T11:49:16,704  INFO QSim:551 SIMULATION (NEW QSim) AT 22:00:00 : #active agents=2 lost=0 simT=57690.0s realT=0s; (s/r): Infinity
2026-08-12T11:49:16,756  INFO AbstractQNetsimEngine:365 SIMULATION (QNetsimEngine) AT 23:00:00 : #links=0 #nodes=0
2026-08-12T11:49:16,756  INFO QSim:551 SIMULATION (NEW QSim) AT 23:00:00 : #active agents=1 lost=0 simT=61290.0s realT=0s; (s/r): Infinity
2026-08-12T11:49:16,791  INFO Gbl:196 Thread performance: Thread=class org.matsim.core.events.SimStepParallelEventsManagerImpl$ProcessEventsRunnable0  cpu-time=0.192438sec
2026-08-12T11:49:16,791  INFO AbstractController$9:237 ### ITERATION 0 fires after mobsim event
2026-08-12T11:49:16,791  INFO ControllerListenerManagerImpl:331 calling notifyAfterMobsim on org.matsim.analysis.LegTimesControllerListener with priority 0.0
2026-08-12T11:49:16,793  INFO LegTimesControllerListener:73 [0] average leg duration is: 5765 seconds = 01:36:05
2026-08-12T11:49:16,793  INFO ControllerListenerManagerImpl:331 calling notifyAfterMobsim on org.matsim.core.events.MobsimScopeEventHandling with priority 0.0
2026-08-12T11:49:16,793  INFO ControllerListenerManagerImpl:331 calling notifyAfterMobsim on org.matsim.core.scoring.EventsToActivities$1 with priority 0.0
2026-08-12T11:49:16,794  INFO ControllerListenerManagerImpl:334 [it.0] all ControllerAfterMobsimListeners called.
2026-08-12T11:49:16,794  INFO AbstractController$4:162 ### ITERATION 0 fires scoring event
2026-08-12T11:49:16,794  INFO ControllerListenerManagerImpl:245 calling notifyScoring on org.matsim.core.scoring.PlansScoringImpl with priority 0.0
2026-08-12T11:49:16,795  INFO ControllerListenerManagerImpl:257 [it.0] all ControllerScoringListeners called.
2026-08-12T11:49:16,795  INFO AbstractController$5:170 ### ITERATION 0 fires iteration end event
2026-08-12T11:49:16,795  INFO ControllerListenerManagerImpl:216 calling notifyIterationEnds on org.matsim.core.controler.corelisteners.EventsHandlingImpl with priority 0.0
2026-08-12T11:49:16,795  INFO EventsManagerImpl:160 removing Event-Handler: org.matsim.core.events.algorithms.EventWriterXML
2026-08-12T11:49:16,795  INFO EventsManagerImpl:160 removing Event-Handler: org.matsim.core.events.algorithms.EventWriterXML
2026-08-12T11:49:16,795  INFO ControllerListenerManagerImpl:216 calling notifyIterationEnds on org.matsim.core.scoring.PlansScoringImpl with priority 0.0
2026-08-12T11:49:16,796  WARN ExperiencedPlansServiceImpl:100 agentsRecords.size=100
2026-08-12T11:49:16,796  INFO Counter:71 PopulationImpl; person # 1
2026-08-12T11:49:16,796  INFO Counter:71 PopulationImpl; person # 4
2026-08-12T11:49:16,796  INFO Counter:71 PopulationImpl; person # 16
2026-08-12T11:49:16,796  INFO Counter:71 PopulationImpl; person # 64
2026-08-12T11:49:16,796  WARN ObjectAttributesConverter:96 No AttributeConverter found for class org.matsim.api.core.v01.Id$IdImpl. Not all attribute values can be converted.
2026-08-12T11:49:16,797  INFO Counter:71 [PopulationWriter] dumped person # 1
2026-08-12T11:49:16,797  INFO Counter:71 [PopulationWriter] dumped person # 4
2026-08-12T11:49:16,797  INFO Counter:71 [PopulationWriter] dumped person # 16
2026-08-12T11:49:16,799  INFO Counter:71 [PopulationWriter] dumped person # 64
2026-08-12T11:49:16,801  INFO PopulationWriter:150 Population written to: ./output/ITERS/it.0/0.experienced_plans.xml.zst
2026-08-12T11:49:16,801  INFO Counter:76 [PopulationWriter] dumped person # 100
2026-08-12T11:49:16,802  INFO ControllerListenerManagerImpl:224 calling notifyIterationEnds on org.matsim.counts.CountsControllerListener with priority 0.0
2026-08-12T11:49:16,802  INFO ControllerListenerManagerImpl:224 calling notifyIterationEnds on org.matsim.analysis.ModeChoiceCoverageControllerListener with priority 0.0
2026-08-12T11:49:16,804  INFO ModeChoiceCoverageControllerListener:144 -- mode choice coverage (1x) of mode car = 1.0
2026-08-12T11:49:16,804  INFO ModeChoiceCoverageControllerListener:144 -- mode choice coverage (5x) of mode car = 0.0
2026-08-12T11:49:16,804  INFO ModeChoiceCoverageControllerListener:144 -- mode choice coverage (10x) of mode car = 0.0
2026-08-12T11:49:16,804  INFO ControllerListenerManagerImpl:224 calling notifyIterationEnds on org.matsim.analysis.ModeStatsControllerListener with priority 0.0
2026-08-12T11:49:16,805  INFO ModeStatsControllerListener:132 Mode shares over all 201.0 trips found. MainModeIdentifier: class org.matsim.core.router.DefaultAnalysisMainModeIdentifier
2026-08-12T11:49:16,805  INFO ModeStatsControllerListener:139 -- mode share of mode car = 1.0
2026-08-12T11:49:16,805  INFO ControllerListenerManagerImpl:224 calling notifyIterationEnds on org.matsim.analysis.ScoreStatsControlerListener with priority 0.0
2026-08-12T11:49:16,805  INFO ScoreStatsControlerListener:154 -- avg. score of the executed plan of each agent: -15.00177848987331
2026-08-12T11:49:16,805  INFO ScoreStatsControlerListener:155 -- avg. score of the worst plan of each agent: -15.00177848987331
2026-08-12T11:49:16,805  INFO ScoreStatsControlerListener:156 -- avg. of the avg. plan score per agent: -15.00177848987331
2026-08-12T11:49:16,805  INFO ScoreStatsControlerListener:157 -- avg. score of the best plan of each agent: -15.00177848987331
2026-08-12T11:49:16,806  INFO ControllerListenerManagerImpl:224 calling notifyIterationEnds on org.matsim.analysis.IterationTravelStatsControllerListener with priority 0.0
2026-08-12T11:49:16,810  INFO TravelDistanceStats:113 -- average leg distance per plan (executed plans only): 19258.70646766169 meters
2026-08-12T11:49:16,810  INFO TravelDistanceStats:114 average leg distance per Person (executed plans only): 116130.0 meters (statistic on all 603 legs which have a finite distance)
2026-08-12T11:49:16,810  INFO TravelDistanceStats:115 -- average trip distance per plan (executed plans only): 57776.119402985074 meters
2026-08-12T11:49:16,810  INFO TravelDistanceStats:116 average trip distance per Person (executed plans only): 116130.0 meters (statistic on all 201 trips which have a finite distance)
2026-08-12T11:49:16,810  INFO TravelDistanceStats:117 (TravelDistanceStats takes an average over all legs where the simulation reports travelled (network) distances
2026-08-12T11:49:16,810  INFO TravelDistanceStats:118 (and teleported legs whose route contains a distance.)
2026-08-12T11:49:16,826  INFO ActivityWriter:39 Writing all Activities to activitiescsv
2026-08-12T11:49:16,828  INFO ActivityWriter:59 ...done
2026-08-12T11:49:16,828  INFO ControllerListenerManagerImpl:224 calling notifyIterationEnds on org.matsim.analysis.LegTimesControllerListener with priority 0.0
2026-08-12T11:49:16,828  INFO EventsManagerImpl:160 removing Event-Handler: org.matsim.analysis.CalcLegTimes
2026-08-12T11:49:16,828  INFO EventsManagerImpl:160 removing Event-Handler: org.matsim.analysis.CalcLegTimes
2026-08-12T11:49:16,828  INFO ControllerListenerManagerImpl:224 calling notifyIterationEnds on org.matsim.analysis.LegHistogramListener with priority 0.0
2026-08-12T11:49:16,831  INFO LegHistogramListener:79 number of legs:	603	100%
2026-08-12T11:49:16,832  INFO LegHistogramListener:86 number of car legs:	201	33.333333333333336%
2026-08-12T11:49:16,832  INFO LegHistogramListener:86 number of walk legs:	402	66.66666666666667%
2026-08-12T11:49:17,269  INFO EventsManagerImpl:160 removing Event-Handler: org.matsim.analysis.LegHistogram
2026-08-12T11:49:17,270  INFO EventsManagerImpl:160 removing Event-Handler: org.matsim.analysis.LegHistogram
2026-08-12T11:49:17,270  INFO ControllerListenerManagerImpl:224 calling notifyIterationEnds on org.matsim.analysis.LinkStatsControllerListener with priority 0.0
2026-08-12T11:49:17,270  INFO ControllerListenerManagerImpl:228 [it.0] all ControllerIterationEndsListeners called.
2026-08-12T11:49:17,298  INFO AbstractController:184 ### ITERATION 0 ENDS
2026-08-12T11:49:17,298  INFO AbstractController:185 ###################################################
2026-08-12T11:49:17,298  INFO AbstractController:136 ###################################################
2026-08-12T11:49:17,298  INFO AbstractController:137 ### ITERATION 1 BEGINS
2026-08-12T11:49:17,298  INFO ControllerListenerManagerImpl:195 calling notifyIterationStarts on org.matsim.analysis.LegTimesControllerListener with priority 0.0
2026-08-12T11:49:17,298  INFO EventsManagerImpl:135 === Logging of event-handlers skipped ===
2026-08-12T11:49:17,298  INFO EventsManagerImpl:136 To enable debug output, set an environment variable i.e. export LOG_LEVEL='debug', or use Configurator...Level.DEBUG) in your run class.
2026-08-12T11:49:17,298  INFO EventsManagerImpl:205     > org.matsim.api.core.v01.events.PersonDepartureEvent
2026-08-12T11:49:17,298  INFO EventsManagerImpl:205     > org.matsim.api.core.v01.events.PersonArrivalEvent
2026-08-12T11:49:17,299  INFO EventsManagerImpl:205     > org.matsim.api.core.v01.events.ActivityEndEvent
2026-08-12T11:49:17,299  INFO EventsManagerImpl:205     > org.matsim.api.core.v01.events.ActivityStartEvent
2026-08-12T11:49:17,299  INFO EventsManagerImpl:135 === Logging of event-handlers skipped ===
2026-08-12T11:49:17,299  INFO EventsManagerImpl:136 To enable debug output, set an environment variable i.e. export LOG_LEVEL='debug', or use Configurator...Level.DEBUG) in your run class.
2026-08-12T11:49:17,299  INFO EventsManagerImpl:205     > org.matsim.api.core.v01.events.PersonDepartureEvent
2026-08-12T11:49:17,299  INFO EventsManagerImpl:205     > org.matsim.api.core.v01.events.PersonArrivalEvent
2026-08-12T11:49:17,299  INFO EventsManagerImpl:205     > org.matsim.api.core.v01.events.ActivityEndEvent
2026-08-12T11:49:17,299  INFO EventsManagerImpl:205     > org.matsim.api.core.v01.events.ActivityStartEvent
2026-08-12T11:49:17,299  INFO ControllerListenerManagerImpl:195 calling notifyIterationStarts on org.matsim.analysis.LegHistogramListener with priority 0.0
2026-08-12T11:49:17,299  INFO EventsManagerImpl:135 === Logging of event-handlers skipped ===
2026-08-12T11:49:17,299  INFO EventsManagerImpl:136 To enable debug output, set an environment variable i.e. export LOG_LEVEL='debug', or use Configurator...Level.DEBUG) in your run class.
2026-08-12T11:49:17,299  INFO EventsManagerImpl:205     > org.matsim.api.core.v01.events.PersonDepartureEvent
2026-08-12T11:49:17,299  INFO EventsManagerImpl:205     > org.matsim.api.core.v01.events.PersonArrivalEvent
2026-08-12T11:49:17,299  INFO EventsManagerImpl:205     > org.matsim.api.core.v01.events.PersonStuckEvent
2026-08-12T11:49:17,299  INFO EventsManagerImpl:135 === Logging of event-handlers skipped ===
2026-08-12T11:49:17,299  INFO EventsManagerImpl:136 To enable debug output, set an environment variable i.e. export LOG_LEVEL='debug', or use Configurator...Level.DEBUG) in your run class.
2026-08-12T11:49:17,299  INFO EventsManagerImpl:205     > org.matsim.api.core.v01.events.PersonDepartureEvent
2026-08-12T11:49:17,299  INFO EventsManagerImpl:205     > org.matsim.api.core.v01.events.PersonArrivalEvent
2026-08-12T11:49:17,299  INFO EventsManagerImpl:205     > org.matsim.api.core.v01.events.PersonStuckEvent
2026-08-12T11:49:17,299  INFO ControllerListenerManagerImpl:195 calling notifyIterationStarts on org.matsim.analysis.LinkStatsControllerListener with priority 0.0
2026-08-12T11:49:17,299  INFO ControllerListenerManagerImpl:195 calling notifyIterationStarts on org.matsim.core.replanning.ReplanningContextImpl with priority 0.0
2026-08-12T11:49:17,299  INFO ControllerListenerManagerImpl:195 calling notifyIterationStarts on org.matsim.core.scoring.ScoringFunctionsForPopulation$$Lambda/0x00001e0001314a18 with priority 0.0
2026-08-12T11:49:17,300  INFO ControllerListenerManagerImpl:195 calling notifyIterationStarts on org.matsim.core.scoring.ExperiencedPlansServiceImpl with priority 0.0
2026-08-12T11:49:17,300  INFO ControllerListenerManagerImpl:198 [it.1] all ControllerIterationStartsListeners called.
2026-08-12T11:49:17,300  INFO ControllerListenerManagerImpl:274 calling notifyReplanning on org.matsim.core.controler.corelisteners.PlansReplanningImpl with priority 0.0
2026-08-12T11:49:17,300  INFO RandomizingTimeDistanceTravelDisutilityFactory:86  sigma: 3.0; resulting normalization: 0.011108996538242306
2026-08-12T11:49:17,301  INFO RandomizingTimeDistanceTravelDisutilityFactory:86  sigma: 3.0; resulting normalization: 0.011108996538242306
2026-08-12T11:49:17,301  INFO GenericPlanStrategyImpl:135 Plan-Strategy finished, 89 plans handled. Strategy: BestPlanSelector
2026-08-12T11:49:17,301  INFO AbstractMultithreadedModule:142 [PlanRouter] starting 2 threads, handling 11 plans
2026-08-12T11:49:17,302  INFO Counter:71 [PlanRouter] handled plan # 1
2026-08-12T11:49:17,302  INFO Counter:71 [PlanRouter] handled plan # 4
2026-08-12T11:49:17,302  INFO AbstractMultithreadedModule:157 [PlanRouter] all 2 threads finished.
2026-08-12T11:49:17,303  INFO GenericPlanStrategyImpl:135 Plan-Strategy finished, 11 plans handled. Strategy: RandomPlanSelector_ReRoute
2026-08-12T11:49:17,303  INFO ControllerListenerManagerImpl:283 [it.1] all ControllerReplanningListeners called.
2026-08-12T11:49:17,303  INFO ControllerListenerManagerImpl:300 calling notifyBeforeMobsim on org.matsim.core.controler.corelisteners.EventsHandlingImpl with priority 0.0
2026-08-12T11:49:17,303  INFO EventsManagerImpl:169 resetting Event-Handlers
2026-08-12T11:49:17,303  INFO EventsManagerImpl:175   org.matsim.core.trafficmonitoring.TravelTimeCalculator
2026-08-12T11:49:17,303  INFO EventsManagerImpl:175   org.matsim.analysis.VolumesAnalyzer
2026-08-12T11:49:17,303  INFO EventsManagerImpl:175   org.matsim.core.scoring.ScoringFunctionsForPopulation
2026-08-12T11:49:17,303  INFO EventsManagerImpl:175   org.matsim.analysis.CalcLegTimes
2026-08-12T11:49:17,303  INFO EventsManagerImpl:175   org.matsim.analysis.LegHistogram
2026-08-12T11:49:17,303  INFO ControllerListenerManagerImpl:300 calling notifyBeforeMobsim on org.matsim.core.controler.corelisteners.PlansDumpingImpl with priority 0.0
2026-08-12T11:49:17,303  INFO PlansDumpingImpl:78 dumping plans...
2026-08-12T11:49:17,304  INFO Counter:71 [PopulationWriter] dumped person # 1
2026-08-12T11:49:17,304  INFO Counter:71 [PopulationWriter] dumped person # 4
2026-08-12T11:49:17,304  INFO Counter:71 [PopulationWriter] dumped person # 16
2026-08-12T11:49:17,305  INFO Counter:71 [PopulationWriter] dumped person # 64
2026-08-12T11:49:17,306  INFO PopulationWriter:150 Population written to: ./output/ITERS/it.1/1.plans.xml.zst
2026-08-12T11:49:17,306  INFO Counter:76 [PopulationWriter] dumped person # 100
2026-08-12T11:49:17,306  INFO PlansDumpingImpl:95 finished plans dump.
2026-08-12T11:49:17,306  INFO ControllerListenerManagerImpl:306 calling notifyBeforeMobsim on org.matsim.core.population.VspPlansCleaner with priority 0.0
2026-08-12T11:49:17,307  INFO ControllerListenerManagerImpl:309 [it.1] all ControlerBeforeMobsimListeners called.
2026-08-12T11:49:17,307  INFO RandomizingTimeDistanceTravelDisutilityFactory:86  sigma: 3.0; resulting normalization: 0.011108996538242306
2026-08-12T11:49:17,307  INFO RandomizingTimeDistanceTravelDisutilityFactory:86  sigma: 3.0; resulting normalization: 0.011108996538242306
2026-08-12T11:49:17,307  INFO Counter:71 [PersonPrepareForSim] handled person # 1
2026-08-12T11:49:17,307  INFO Counter:71 [PersonPrepareForSim] handled person # 4
2026-08-12T11:49:17,307  INFO Counter:71 [PersonPrepareForSim] handled person # 16
2026-08-12T11:49:17,308  INFO Counter:71 [PersonPrepareForSim] handled person # 64
2026-08-12T11:49:17,308  INFO Counter:76 [PersonPrepareForSim] handled person # 100
2026-08-12T11:49:17,313  INFO MobsimListenerManager:50 calling addQueueSimulationListener
2026-08-12T11:49:17,313  INFO MobsimListenerManager:54   assigned class org.matsim.core.mobsim.framework.listeners.MobsimListener to interface org.matsim.core.mobsim.framework.listeners.MobsimListener
2026-08-12T11:49:17,313  INFO MobsimListenerManager:54   assigned class org.matsim.core.mobsim.framework.listeners.MobsimListener to interface org.matsim.core.mobsim.framework.listeners.MobsimAfterSimStepListener
2026-08-12T11:49:17,313  INFO MobsimListenerManager:54   assigned class org.matsim.core.mobsim.framework.listeners.MobsimListener to interface org.matsim.core.mobsim.framework.listeners.MobsimBeforeCleanupListener
2026-08-12T11:49:17,313  INFO MobsimListenerManager:54   assigned class org.matsim.core.mobsim.framework.listeners.MobsimListener to interface org.matsim.core.mobsim.framework.listeners.MobsimInitializedListener
2026-08-12T11:49:17,313  INFO MobsimListenerManager:54   assigned class org.matsim.core.mobsim.framework.listeners.MobsimListener to interface org.matsim.vis.snapshotwriters.SnapshotWriterManager
2026-08-12T11:49:17,314  INFO QSimProvider:131 Added MobsimEngine class org.matsim.core.mobsim.qsim.ActivityEngineDefaultImpl
2026-08-12T11:49:17,314  INFO QSimProvider:137 Added Activityhandler class org.matsim.core.mobsim.qsim.ActivityEngineDefaultImpl
2026-08-12T11:49:17,314  WARN QueueWithBuffer:515 Link 1 too small: enlarge storage capacity from: 1333.3333333333333 Vehicles to: 3599.712023038157 Vehicles.  This is not fatal, but modifies the traffic flow dynamics.
2026-08-12T11:49:17,314  WARN QueueWithBuffer:515 Link 20 too small: enlarge storage capacity from: 1333.3333333333333 Vehicles to: 3599.712023038157 Vehicles.  This is not fatal, but modifies the traffic flow dynamics.
2026-08-12T11:49:17,314  WARN QueueWithBuffer:515 Link 21 too small: enlarge storage capacity from: 1333.3333333333333 Vehicles to: 3599.712023038157 Vehicles.  This is not fatal, but modifies the traffic flow dynamics.
2026-08-12T11:49:17,314  WARN QueueWithBuffer:515 Link 22 too small: enlarge storage capacity from: 4666.666666666667 Vehicles to: 12598.99208063355 Vehicles.  This is not fatal, but modifies the traffic flow dynamics.
2026-08-12T11:49:17,314  WARN QueueWithBuffer:515 Link 23 too small: enlarge storage capacity from: 1333.3333333333333 Vehicles to: 3599.712023038157 Vehicles.  This is not fatal, but modifies the traffic flow dynamics.
2026-08-12T11:49:17,314  INFO QSimProvider:131 Added MobsimEngine class org.matsim.core.mobsim.qsim.qnetsimengine.QNetsimEngineWithThreadpool
2026-08-12T11:49:17,314  INFO QSimProvider:143 Added DepartureHandler class org.matsim.core.mobsim.qsim.qnetsimengine.NetworkModeDepartureHandlerDefaultImpl
2026-08-12T11:49:17,314  INFO QSimProvider:131 Added MobsimEngine class org.matsim.core.mobsim.qsim.DefaultTeleportationEngine
2026-08-12T11:49:17,314  INFO QSimProvider:143 Added DepartureHandler class org.matsim.core.mobsim.qsim.DefaultTeleportationEngine
2026-08-12T11:49:17,314  INFO QSimProvider:149 Added AgentSource class org.matsim.core.mobsim.qsim.agents.PopulationAgentSource
2026-08-12T11:49:17,314  INFO MobsimListenerManager:50 calling addQueueSimulationListener
2026-08-12T11:49:17,314  INFO MobsimListenerManager:54   assigned class org.matsim.core.mobsim.framework.listeners.MobsimListener to interface org.matsim.core.mobsim.qsim.messagequeueengine.MessageQueueEngine
2026-08-12T11:49:17,314  INFO MobsimListenerManager:54   assigned class org.matsim.core.mobsim.framework.listeners.MobsimListener to interface org.matsim.core.mobsim.framework.listeners.MobsimListener
2026-08-12T11:49:17,314  INFO MobsimListenerManager:54   assigned class org.matsim.core.mobsim.framework.listeners.MobsimListener to interface org.matsim.core.mobsim.framework.listeners.MobsimBeforeSimStepListener
2026-08-12T11:49:17,314  INFO QSimProvider:155 Added MobsimListener class org.matsim.core.mobsim.qsim.messagequeueengine.MessageQueueEngine
2026-08-12T11:49:17,316  INFO AbstractQNetsimEngine:427 Assigned 15 nodes and 23 links to QSimEngineRunner #0
2026-08-12T11:49:17,316  INFO AbstractQNetsimEngine:365 SIMULATION (QNetsimEngine) AT 05:58:30 : #links=0 #nodes=0
2026-08-12T11:49:17,316  INFO QSim:551 SIMULATION (NEW QSim) AT 05:58:30 : #active agents=100 lost=0 simT=0.0s realT=0s; (s/r): 0.0
2026-08-12T11:49:17,319  INFO AbstractQNetsimEngine:365 SIMULATION (QNetsimEngine) AT 06:00:00 : #links=0 #nodes=0
2026-08-12T11:49:17,319  INFO QSim:551 SIMULATION (NEW QSim) AT 06:00:00 : #active agents=100 lost=0 simT=90.0s realT=0s; (s/r): Infinity
2026-08-12T11:49:17,375  INFO AbstractQNetsimEngine:365 SIMULATION (QNetsimEngine) AT 07:00:00 : #links=0 #nodes=0
2026-08-12T11:49:17,375  INFO QSim:551 SIMULATION (NEW QSim) AT 07:00:00 : #active agents=100 lost=0 simT=3690.0s realT=0s; (s/r): Infinity
2026-08-12T11:49:17,427  INFO AbstractQNetsimEngine:365 SIMULATION (QNetsimEngine) AT 08:00:00 : #links=0 #nodes=0
2026-08-12T11:49:17,427  INFO QSim:551 SIMULATION (NEW QSim) AT 08:00:00 : #active agents=100 lost=0 simT=7290.0s realT=0s; (s/r): Infinity
2026-08-12T11:49:17,484  INFO AbstractQNetsimEngine:365 SIMULATION (QNetsimEngine) AT 09:00:00 : #links=0 #nodes=0
2026-08-12T11:49:17,484  INFO QSim:551 SIMULATION (NEW QSim) AT 09:00:00 : #active agents=100 lost=0 simT=10890.0s realT=0s; (s/r): Infinity
2026-08-12T11:49:17,536  INFO AbstractQNetsimEngine:365 SIMULATION (QNetsimEngine) AT 10:00:00 : #links=0 #nodes=0
2026-08-12T11:49:17,536  INFO QSim:551 SIMULATION (NEW QSim) AT 10:00:00 : #active agents=100 lost=0 simT=14490.0s realT=0s; (s/r): Infinity
2026-08-12T11:49:17,591  INFO AbstractQNetsimEngine:365 SIMULATION (QNetsimEngine) AT 11:00:00 : #links=0 #nodes=0
2026-08-12T11:49:17,591  INFO QSim:551 SIMULATION (NEW QSim) AT 11:00:00 : #active agents=100 lost=0 simT=18090.0s realT=0s; (s/r): Infinity
2026-08-12T11:49:17,643  INFO AbstractQNetsimEngine:365 SIMULATION (QNetsimEngine) AT 12:00:00 : #links=0 #nodes=0
2026-08-12T11:49:17,643  INFO QSim:551 SIMULATION (NEW QSim) AT 12:00:00 : #active agents=100 lost=0 simT=21690.0s realT=0s; (s/r): Infinity
2026-08-12T11:49:17,698  INFO AbstractQNetsimEngine:365 SIMULATION (QNetsimEngine) AT 13:00:00 : #links=0 #nodes=0
2026-08-12T11:49:17,698  INFO QSim:551 SIMULATION (NEW QSim) AT 13:00:00 : #active agents=100 lost=0 simT=25290.0s realT=0s; (s/r): Infinity
2026-08-12T11:49:17,755  INFO AbstractQNetsimEngine:365 SIMULATION (QNetsimEngine) AT 14:00:00 : #links=0 #nodes=0
2026-08-12T11:49:17,755  INFO QSim:551 SIMULATION (NEW QSim) AT 14:00:00 : #active agents=100 lost=0 simT=28890.0s realT=0s; (s/r): Infinity
2026-08-12T11:49:17,806  INFO AbstractQNetsimEngine:365 SIMULATION (QNetsimEngine) AT 15:00:00 : #links=0 #nodes=0
2026-08-12T11:49:17,806  INFO QSim:551 SIMULATION (NEW QSim) AT 15:00:00 : #active agents=100 lost=0 simT=32490.0s realT=0s; (s/r): Infinity
2026-08-12T11:49:17,879  INFO AbstractQNetsimEngine:365 SIMULATION (QNetsimEngine) AT 16:00:00 : #links=0 #nodes=0
2026-08-12T11:49:17,879  INFO QSim:551 SIMULATION (NEW QSim) AT 16:00:00 : #active agents=100 lost=0 simT=36090.0s realT=0s; (s/r): Infinity
2026-08-12T11:49:17,945  INFO AbstractQNetsimEngine:365 SIMULATION (QNetsimEngine) AT 17:00:00 : #links=0 #nodes=0
2026-08-12T11:49:17,945  INFO QSim:551 SIMULATION (NEW QSim) AT 17:00:00 : #active agents=5 lost=0 simT=39690.0s realT=0s; (s/r): Infinity
2026-08-12T11:49:18,000  INFO AbstractQNetsimEngine:365 SIMULATION (QNetsimEngine) AT 18:00:00 : #links=0 #nodes=0
2026-08-12T11:49:18,000  INFO QSim:551 SIMULATION (NEW QSim) AT 18:00:00 : #active agents=4 lost=0 simT=43290.0s realT=0s; (s/r): Infinity
2026-08-12T11:49:18,051  INFO AbstractQNetsimEngine:365 SIMULATION (QNetsimEngine) AT 19:00:00 : #links=0 #nodes=0
2026-08-12T11:49:18,051  INFO QSim:551 SIMULATION (NEW QSim) AT 19:00:00 : #active agents=2 lost=0 simT=46890.0s realT=0s; (s/r): Infinity
2026-08-12T11:49:18,105  INFO AbstractQNetsimEngine:365 SIMULATION (QNetsimEngine) AT 20:00:00 : #links=0 #nodes=0
2026-08-12T11:49:18,105  INFO QSim:551 SIMULATION (NEW QSim) AT 20:00:00 : #active agents=2 lost=0 simT=50490.0s realT=0s; (s/r): Infinity
2026-08-12T11:49:18,156  INFO AbstractQNetsimEngine:365 SIMULATION (QNetsimEngine) AT 21:00:00 : #links=1 #nodes=0
2026-08-12T11:49:18,156  INFO QSim:551 SIMULATION (NEW QSim) AT 21:00:00 : #active agents=2 lost=0 simT=54090.0s realT=0s; (s/r): Infinity
2026-08-12T11:49:18,231  INFO AbstractQNetsimEngine:365 SIMULATION (QNetsimEngine) AT 22:00:00 : #links=0 #nodes=0
2026-08-12T11:49:18,231  INFO QSim:551 SIMULATION (NEW QSim) AT 22:00:00 : #active agents=2 lost=0 simT=57690.0s realT=0s; (s/r): Infinity
2026-08-12T11:49:18,284  INFO AbstractQNetsimEngine:365 SIMULATION (QNetsimEngine) AT 23:00:00 : #links=0 #nodes=0
2026-08-12T11:49:18,285  INFO QSim:551 SIMULATION (NEW QSim) AT 23:00:00 : #active agents=1 lost=0 simT=61290.0s realT=0s; (s/r): Infinity
2026-08-12T11:49:18,320  INFO AbstractController$9:237 ### ITERATION 1 fires after mobsim event
2026-08-12T11:49:18,320  INFO Gbl:196 Thread performance: Thread=class org.matsim.core.events.SimStepParallelEventsManagerImpl$ProcessEventsRunnable0  cpu-time=0.179566sec
2026-08-12T11:49:18,320  INFO ControllerListenerManagerImpl:331 calling notifyAfterMobsim on org.matsim.analysis.LegTimesControllerListener with priority 0.0
2026-08-12T11:49:18,320  INFO LegTimesControllerListener:73 [1] average leg duration is: 5759 seconds = 01:35:59
2026-08-12T11:49:18,320  INFO ControllerListenerManagerImpl:331 calling notifyAfterMobsim on org.matsim.core.events.MobsimScopeEventHandling with priority 0.0
2026-08-12T11:49:18,320  INFO ControllerListenerManagerImpl:331 calling notifyAfterMobsim on org.matsim.core.scoring.EventsToActivities$1 with priority 0.0
2026-08-12T11:49:18,321  INFO ControllerListenerManagerImpl:334 [it.1] all ControllerAfterMobsimListeners called.
2026-08-12T11:49:18,321  INFO AbstractController$4:162 ### ITERATION 1 fires scoring event
2026-08-12T11:49:18,321  INFO ControllerListenerManagerImpl:245 calling notifyScoring on org.matsim.core.scoring.PlansScoringImpl with priority 0.0
2026-08-12T11:49:18,321  INFO ControllerListenerManagerImpl:257 [it.1] all ControllerScoringListeners called.
2026-08-12T11:49:18,321  INFO AbstractController$5:170 ### ITERATION 1 fires iteration end event
2026-08-12T11:49:18,321  INFO ControllerListenerManagerImpl:216 calling notifyIterationEnds on org.matsim.core.controler.corelisteners.EventsHandlingImpl with priority 0.0
2026-08-12T11:49:18,321  INFO ControllerListenerManagerImpl:216 calling notifyIterationEnds on org.matsim.core.scoring.PlansScoringImpl with priority 0.0
2026-08-12T11:49:18,321  INFO ControllerListenerManagerImpl:224 calling notifyIterationEnds on org.matsim.counts.CountsControllerListener with priority 0.0
2026-08-12T11:49:18,321  INFO ControllerListenerManagerImpl:224 calling notifyIterationEnds on org.matsim.analysis.ModeChoiceCoverageControllerListener with priority 0.0
2026-08-12T11:49:18,321  INFO ModeChoiceCoverageControllerListener:144 -- mode choice coverage (1x) of mode car = 1.0
2026-08-12T11:49:18,322  INFO ModeChoiceCoverageControllerListener:144 -- mode choice coverage (5x) of mode car = 0.0
2026-08-12T11:49:18,322  INFO ModeChoiceCoverageControllerListener:144 -- mode choice coverage (10x) of mode car = 0.0
2026-08-12T11:49:18,373  INFO ControllerListenerManagerImpl:224 calling notifyIterationEnds on org.matsim.analysis.ModeStatsControllerListener with priority 0.0
2026-08-12T11:49:18,373  INFO ModeStatsControllerListener:132 Mode shares over all 201.0 trips found. MainModeIdentifier: class org.matsim.core.router.DefaultAnalysisMainModeIdentifier
2026-08-12T11:49:18,373  INFO ModeStatsControllerListener:139 -- mode share of mode car = 1.0
2026-08-12T11:49:18,404  INFO ControllerListenerManagerImpl:224 calling notifyIterationEnds on org.matsim.analysis.ScoreStatsControlerListener with priority 0.0
2026-08-12T11:49:18,404  INFO ScoreStatsControlerListener:154 -- avg. score of the executed plan of each agent: -14.89332218583617
2026-08-12T11:49:18,404  INFO ScoreStatsControlerListener:155 -- avg. score of the worst plan of each agent: -14.9640554370039
2026-08-12T11:49:18,404  INFO ScoreStatsControlerListener:156 -- avg. of the avg. plan score per agent: -14.928688811420038
2026-08-12T11:49:18,404  INFO ScoreStatsControlerListener:157 -- avg. score of the best plan of each agent: -14.89332218583617
2026-08-12T11:49:18,421  INFO ControllerListenerManagerImpl:224 calling notifyIterationEnds on org.matsim.analysis.IterationTravelStatsControllerListener with priority 0.0
2026-08-12T11:49:18,422  INFO TravelDistanceStats:113 -- average leg distance per plan (executed plans only): 19258.70646766169 meters
2026-08-12T11:49:18,422  INFO TravelDistanceStats:114 average leg distance per Person (executed plans only): 116130.0 meters (statistic on all 603 legs which have a finite distance)
2026-08-12T11:49:18,422  INFO TravelDistanceStats:115 -- average trip distance per plan (executed plans only): 57776.119402985074 meters
2026-08-12T11:49:18,422  INFO TravelDistanceStats:116 average trip distance per Person (executed plans only): 116130.0 meters (statistic on all 201 trips which have a finite distance)
2026-08-12T11:49:18,423  INFO TravelDistanceStats:117 (TravelDistanceStats takes an average over all legs where the simulation reports travelled (network) distances
2026-08-12T11:49:18,423  INFO TravelDistanceStats:118 (and teleported legs whose route contains a distance.)
2026-08-12T11:49:18,459  INFO ActivityWriter:39 Writing all Activities to activitiescsv
2026-08-12T11:49:18,460  INFO ActivityWriter:59 ...done
2026-08-12T11:49:18,460  INFO ControllerListenerManagerImpl:224 calling notifyIterationEnds on org.matsim.analysis.LegTimesControllerListener with priority 0.0
2026-08-12T11:49:18,460  INFO EventsManagerImpl:160 removing Event-Handler: org.matsim.analysis.CalcLegTimes
2026-08-12T11:49:18,460  INFO EventsManagerImpl:160 removing Event-Handler: org.matsim.analysis.CalcLegTimes
2026-08-12T11:49:18,460  INFO ControllerListenerManagerImpl:224 calling notifyIterationEnds on org.matsim.analysis.LegHistogramListener with priority 0.0
2026-08-12T11:49:18,462  INFO LegHistogramListener:79 number of legs:	603	100%
2026-08-12T11:49:18,462  INFO LegHistogramListener:86 number of car legs:	201	33.333333333333336%
2026-08-12T11:49:18,462  INFO LegHistogramListener:86 number of walk legs:	402	66.66666666666667%
2026-08-12T11:49:18,528  INFO EventsManagerImpl:160 removing Event-Handler: org.matsim.analysis.LegHistogram
2026-08-12T11:49:18,528  INFO EventsManagerImpl:160 removing Event-Handler: org.matsim.analysis.LegHistogram
2026-08-12T11:49:18,528  INFO ControllerListenerManagerImpl:224 calling notifyIterationEnds on org.matsim.analysis.LinkStatsControllerListener with priority 0.0
2026-08-12T11:49:18,528  INFO ControllerListenerManagerImpl:228 [it.1] all ControllerIterationEndsListeners called.
2026-08-12T11:49:18,550  INFO AbstractController:184 ### ITERATION 1 ENDS
2026-08-12T11:49:18,550  INFO AbstractController:185 ###################################################
2026-08-12T11:49:18,550  INFO AbstractController:136 ###################################################
2026-08-12T11:49:18,550  INFO AbstractController:137 ### ITERATION 2 BEGINS
2026-08-12T11:49:18,550  INFO ControllerListenerManagerImpl:195 calling notifyIterationStarts on org.matsim.analysis.LegTimesControllerListener with priority 0.0
2026-08-12T11:49:18,550  INFO EventsManagerImpl:135 === Logging of event-handlers skipped ===
2026-08-12T11:49:18,551  INFO EventsManagerImpl:136 To enable debug output, set an environment variable i.e. export LOG_LEVEL='debug', or use Configurator...Level.DEBUG) in your run class.
2026-08-12T11:49:18,551  INFO EventsManagerImpl:205     > org.matsim.api.core.v01.events.PersonDepartureEvent
2026-08-12T11:49:18,551  INFO EventsManagerImpl:205     > org.matsim.api.core.v01.events.PersonArrivalEvent
2026-08-12T11:49:18,551  INFO EventsManagerImpl:205     > org.matsim.api.core.v01.events.ActivityEndEvent
2026-08-12T11:49:18,551  INFO EventsManagerImpl:205     > org.matsim.api.core.v01.events.ActivityStartEvent
2026-08-12T11:49:18,551  INFO EventsManagerImpl:135 === Logging of event-handlers skipped ===
2026-08-12T11:49:18,551  INFO EventsManagerImpl:136 To enable debug output, set an environment variable i.e. export LOG_LEVEL='debug', or use Configurator...Level.DEBUG) in your run class.
2026-08-12T11:49:18,551  INFO EventsManagerImpl:205     > org.matsim.api.core.v01.events.PersonDepartureEvent
2026-08-12T11:49:18,551  INFO EventsManagerImpl:205     > org.matsim.api.core.v01.events.PersonArrivalEvent
2026-08-12T11:49:18,551  INFO EventsManagerImpl:205     > org.matsim.api.core.v01.events.ActivityEndEvent
2026-08-12T11:49:18,551  INFO EventsManagerImpl:205     > org.matsim.api.core.v01.events.ActivityStartEvent
2026-08-12T11:49:18,551  INFO ControllerListenerManagerImpl:195 calling notifyIterationStarts on org.matsim.analysis.LegHistogramListener with priority 0.0
2026-08-12T11:49:18,551  INFO EventsManagerImpl:135 === Logging of event-handlers skipped ===
2026-08-12T11:49:18,551  INFO EventsManagerImpl:136 To enable debug output, set an environment variable i.e. export LOG_LEVEL='debug', or use Configurator...Level.DEBUG) in your run class.
2026-08-12T11:49:18,551  INFO EventsManagerImpl:205     > org.matsim.api.core.v01.events.PersonDepartureEvent
2026-08-12T11:49:18,551  INFO EventsManagerImpl:205     > org.matsim.api.core.v01.events.PersonArrivalEvent
2026-08-12T11:49:18,551  INFO EventsManagerImpl:205     > org.matsim.api.core.v01.events.PersonStuckEvent
2026-08-12T11:49:18,551  INFO EventsManagerImpl:135 === Logging of event-handlers skipped ===
2026-08-12T11:49:18,551  INFO EventsManagerImpl:136 To enable debug output, set an environment variable i.e. export LOG_LEVEL='debug', or use Configurator...Level.DEBUG) in your run class.
2026-08-12T11:49:18,551  INFO EventsManagerImpl:205     > org.matsim.api.core.v01.events.PersonDepartureEvent
2026-08-12T11:49:18,551  INFO EventsManagerImpl:205     > org.matsim.api.core.v01.events.PersonArrivalEvent
2026-08-12T11:49:18,551  INFO EventsManagerImpl:205     > org.matsim.api.core.v01.events.PersonStuckEvent
2026-08-12T11:49:18,551  INFO ControllerListenerManagerImpl:195 calling notifyIterationStarts on org.matsim.analysis.LinkStatsControllerListener with priority 0.0
2026-08-12T11:49:18,551  INFO ControllerListenerManagerImpl:195 calling notifyIterationStarts on org.matsim.core.replanning.ReplanningContextImpl with priority 0.0
2026-08-12T11:49:18,551  INFO ControllerListenerManagerImpl:195 calling notifyIterationStarts on org.matsim.core.scoring.ScoringFunctionsForPopulation$$Lambda/0x00001e0001314a18 with priority 0.0
2026-08-12T11:49:18,551  INFO ControllerListenerManagerImpl:195 calling notifyIterationStarts on org.matsim.core.scoring.ExperiencedPlansServiceImpl with priority 0.0
2026-08-12T11:49:18,551  INFO ControllerListenerManagerImpl:198 [it.2] all ControllerIterationStartsListeners called.
2026-08-12T11:49:18,551  INFO ControllerListenerManagerImpl:274 calling notifyReplanning on org.matsim.core.controler.corelisteners.PlansReplanningImpl with priority 0.0
2026-08-12T11:49:18,551  INFO RandomizingTimeDistanceTravelDisutilityFactory:86  sigma: 3.0; resulting normalization: 0.011108996538242306
2026-08-12T11:49:18,552  INFO RandomizingTimeDistanceTravelDisutilityFactory:86  sigma: 3.0; resulting normalization: 0.011108996538242306
2026-08-12T11:49:18,552  INFO GenericPlanStrategyImpl:135 Plan-Strategy finished, 89 plans handled. Strategy: BestPlanSelector
2026-08-12T11:49:18,552  INFO AbstractMultithreadedModule:142 [PlanRouter] starting 2 threads, handling 11 plans
2026-08-12T11:49:18,553  INFO Counter:71 [PlanRouter] handled plan # 1
2026-08-12T11:49:18,553  INFO Counter:71 [PlanRouter] handled plan # 4
2026-08-12T11:49:18,554  INFO AbstractMultithreadedModule:157 [PlanRouter] all 2 threads finished.
2026-08-12T11:49:18,554  INFO GenericPlanStrategyImpl:135 Plan-Strategy finished, 11 plans handled. Strategy: RandomPlanSelector_ReRoute
2026-08-12T11:49:18,554  INFO ControllerListenerManagerImpl:283 [it.2] all ControllerReplanningListeners called.
2026-08-12T11:49:18,554  INFO ControllerListenerManagerImpl:300 calling notifyBeforeMobsim on org.matsim.core.controler.corelisteners.EventsHandlingImpl with priority 0.0
2026-08-12T11:49:18,554  INFO EventsManagerImpl:169 resetting Event-Handlers
2026-08-12T11:49:18,554  INFO EventsManagerImpl:175   org.matsim.core.trafficmonitoring.TravelTimeCalculator
2026-08-12T11:49:18,554  INFO EventsManagerImpl:175   org.matsim.analysis.VolumesAnalyzer
2026-08-12T11:49:18,554  INFO EventsManagerImpl:175   org.matsim.core.scoring.ScoringFunctionsForPopulation
2026-08-12T11:49:18,554  INFO EventsManagerImpl:175   org.matsim.analysis.CalcLegTimes
2026-08-12T11:49:18,554  INFO EventsManagerImpl:175   org.matsim.analysis.LegHistogram
2026-08-12T11:49:18,554  INFO ControllerListenerManagerImpl:300 calling notifyBeforeMobsim on org.matsim.core.controler.corelisteners.PlansDumpingImpl with priority 0.0
2026-08-12T11:49:18,554  INFO ControllerListenerManagerImpl:306 calling notifyBeforeMobsim on org.matsim.core.population.VspPlansCleaner with priority 0.0
2026-08-12T11:49:18,554  INFO ControllerListenerManagerImpl:309 [it.2] all ControlerBeforeMobsimListeners called.
2026-08-12T11:49:18,555  INFO Counter:71 [PersonPrepareForSim] handled person # 1
2026-08-12T11:49:18,555  INFO Counter:71 [PersonPrepareForSim] handled person # 4
2026-08-12T11:49:18,555  INFO Counter:71 [PersonPrepareForSim] handled person # 16
2026-08-12T11:49:18,555  INFO Counter:71 [PersonPrepareForSim] handled person # 64
2026-08-12T11:49:18,555  INFO Counter:76 [PersonPrepareForSim] handled person # 100
2026-08-12T11:49:18,561  INFO MobsimListenerManager:50 calling addQueueSimulationListener
2026-08-12T11:49:18,561  INFO MobsimListenerManager:54   assigned class org.matsim.core.mobsim.framework.listeners.MobsimListener to interface org.matsim.core.mobsim.framework.listeners.MobsimListener
2026-08-12T11:49:18,561  INFO MobsimListenerManager:54   assigned class org.matsim.core.mobsim.framework.listeners.MobsimListener to interface org.matsim.core.mobsim.framework.listeners.MobsimAfterSimStepListener
2026-08-12T11:49:18,561  INFO MobsimListenerManager:54   assigned class org.matsim.core.mobsim.framework.listeners.MobsimListener to interface org.matsim.core.mobsim.framework.listeners.MobsimBeforeCleanupListener
2026-08-12T11:49:18,561  INFO MobsimListenerManager:54   assigned class org.matsim.core.mobsim.framework.listeners.MobsimListener to interface org.matsim.core.mobsim.framework.listeners.MobsimInitializedListener
2026-08-12T11:49:18,561  INFO MobsimListenerManager:54   assigned class org.matsim.core.mobsim.framework.listeners.MobsimListener to interface org.matsim.vis.snapshotwriters.SnapshotWriterManager
2026-08-12T11:49:18,561  INFO QSimProvider:131 Added MobsimEngine class org.matsim.core.mobsim.qsim.ActivityEngineDefaultImpl
2026-08-12T11:49:18,561  INFO QSimProvider:137 Added Activityhandler class org.matsim.core.mobsim.qsim.ActivityEngineDefaultImpl
2026-08-12T11:49:18,561  WARN QueueWithBuffer:515 Link 1 too small: enlarge storage capacity from: 1333.3333333333333 Vehicles to: 3599.712023038157 Vehicles.  This is not fatal, but modifies the traffic flow dynamics.
2026-08-12T11:49:18,561  WARN QueueWithBuffer:518 Additional warnings of this type are suppressed.
2026-08-12T11:49:18,562  INFO QSimProvider:131 Added MobsimEngine class org.matsim.core.mobsim.qsim.qnetsimengine.QNetsimEngineWithThreadpool
2026-08-12T11:49:18,562  INFO QSimProvider:143 Added DepartureHandler class org.matsim.core.mobsim.qsim.qnetsimengine.NetworkModeDepartureHandlerDefaultImpl
2026-08-12T11:49:18,562  INFO QSimProvider:131 Added MobsimEngine class org.matsim.core.mobsim.qsim.DefaultTeleportationEngine
2026-08-12T11:49:18,562  INFO QSimProvider:143 Added DepartureHandler class org.matsim.core.mobsim.qsim.DefaultTeleportationEngine
2026-08-12T11:49:18,562  INFO QSimProvider:149 Added AgentSource class org.matsim.core.mobsim.qsim.agents.PopulationAgentSource
2026-08-12T11:49:18,562  INFO MobsimListenerManager:50 calling addQueueSimulationListener
2026-08-12T11:49:18,562  INFO MobsimListenerManager:54   assigned class org.matsim.core.mobsim.framework.listeners.MobsimListener to interface org.matsim.core.mobsim.qsim.messagequeueengine.MessageQueueEngine
2026-08-12T11:49:18,562  INFO MobsimListenerManager:54   assigned class org.matsim.core.mobsim.framework.listeners.MobsimListener to interface org.matsim.core.mobsim.framework.listeners.MobsimListener
2026-08-12T11:49:18,562  INFO MobsimListenerManager:54   assigned class org.matsim.core.mobsim.framework.listeners.MobsimListener to interface org.matsim.core.mobsim.framework.listeners.MobsimBeforeSimStepListener
2026-08-12T11:49:18,562  INFO QSimProvider:155 Added MobsimListener class org.matsim.core.mobsim.qsim.messagequeueengine.MessageQueueEngine
2026-08-12T11:49:18,563  INFO AbstractQNetsimEngine:427 Assigned 15 nodes and 23 links to QSimEngineRunner #0
2026-08-12T11:49:18,564  INFO AbstractQNetsimEngine:365 SIMULATION (QNetsimEngine) AT 05:58:30 : #links=0 #nodes=0
2026-08-12T11:49:18,564  INFO QSim:551 SIMULATION (NEW QSim) AT 05:58:30 : #active agents=100 lost=0 simT=0.0s realT=0s; (s/r): 0.0
2026-08-12T11:49:18,569  INFO AbstractQNetsimEngine:365 SIMULATION (QNetsimEngine) AT 06:00:00 : #links=0 #nodes=0
2026-08-12T11:49:18,569  INFO QSim:551 SIMULATION (NEW QSim) AT 06:00:00 : #active agents=100 lost=0 simT=90.0s realT=0s; (s/r): Infinity
2026-08-12T11:49:18,653  INFO AbstractQNetsimEngine:365 SIMULATION (QNetsimEngine) AT 07:00:00 : #links=0 #nodes=0
2026-08-12T11:49:18,653  INFO QSim:551 SIMULATION (NEW QSim) AT 07:00:00 : #active agents=100 lost=0 simT=3690.0s realT=0s; (s/r): Infinity
2026-08-12T11:49:18,719  INFO AbstractQNetsimEngine:365 SIMULATION (QNetsimEngine) AT 08:00:00 : #links=0 #nodes=0
2026-08-12T11:49:18,719  INFO QSim:551 SIMULATION (NEW QSim) AT 08:00:00 : #active agents=100 lost=0 simT=7290.0s realT=0s; (s/r): Infinity
2026-08-12T11:49:18,776  INFO AbstractQNetsimEngine:365 SIMULATION (QNetsimEngine) AT 09:00:00 : #links=0 #nodes=0
2026-08-12T11:49:18,776  INFO QSim:551 SIMULATION (NEW QSim) AT 09:00:00 : #active agents=100 lost=0 simT=10890.0s realT=0s; (s/r): Infinity
2026-08-12T11:49:18,830  INFO AbstractQNetsimEngine:365 SIMULATION (QNetsimEngine) AT 10:00:00 : #links=0 #nodes=0
2026-08-12T11:49:18,830  INFO QSim:551 SIMULATION (NEW QSim) AT 10:00:00 : #active agents=100 lost=0 simT=14490.0s realT=0s; (s/r): Infinity
2026-08-12T11:49:18,892  INFO AbstractQNetsimEngine:365 SIMULATION (QNetsimEngine) AT 11:00:00 : #links=0 #nodes=0
2026-08-12T11:49:18,892  INFO QSim:551 SIMULATION (NEW QSim) AT 11:00:00 : #active agents=100 lost=0 simT=18090.0s realT=0s; (s/r): Infinity
2026-08-12T11:49:18,944  INFO AbstractQNetsimEngine:365 SIMULATION (QNetsimEngine) AT 12:00:00 : #links=0 #nodes=0
2026-08-12T11:49:18,944  INFO QSim:551 SIMULATION (NEW QSim) AT 12:00:00 : #active agents=100 lost=0 simT=21690.0s realT=0s; (s/r): Infinity
2026-08-12T11:49:19,011  INFO AbstractQNetsimEngine:365 SIMULATION (QNetsimEngine) AT 13:00:00 : #links=0 #nodes=0
2026-08-12T11:49:19,011  INFO QSim:551 SIMULATION (NEW QSim) AT 13:00:00 : #active agents=100 lost=0 simT=25290.0s realT=0s; (s/r): Infinity
2026-08-12T11:49:19,072  INFO AbstractQNetsimEngine:365 SIMULATION (QNetsimEngine) AT 14:00:00 : #links=0 #nodes=0
2026-08-12T11:49:19,072  INFO QSim:551 SIMULATION (NEW QSim) AT 14:00:00 : #active agents=100 lost=0 simT=28890.0s realT=0s; (s/r): Infinity
2026-08-12T11:49:19,124  INFO AbstractQNetsimEngine:365 SIMULATION (QNetsimEngine) AT 15:00:00 : #links=0 #nodes=0
2026-08-12T11:49:19,124  INFO QSim:551 SIMULATION (NEW QSim) AT 15:00:00 : #active agents=100 lost=0 simT=32490.0s realT=0s; (s/r): Infinity
2026-08-12T11:49:19,175  INFO AbstractQNetsimEngine:365 SIMULATION (QNetsimEngine) AT 16:00:00 : #links=0 #nodes=0
2026-08-12T11:49:19,175  INFO QSim:551 SIMULATION (NEW QSim) AT 16:00:00 : #active agents=100 lost=0 simT=36090.0s realT=0s; (s/r): Infinity
2026-08-12T11:49:19,227  INFO AbstractQNetsimEngine:365 SIMULATION (QNetsimEngine) AT 17:00:00 : #links=0 #nodes=0
2026-08-12T11:49:19,227  INFO QSim:551 SIMULATION (NEW QSim) AT 17:00:00 : #active agents=5 lost=0 simT=39690.0s realT=0s; (s/r): Infinity
2026-08-12T11:49:19,280  INFO AbstractQNetsimEngine:365 SIMULATION (QNetsimEngine) AT 18:00:00 : #links=0 #nodes=0
2026-08-12T11:49:19,280  INFO QSim:551 SIMULATION (NEW QSim) AT 18:00:00 : #active agents=4 lost=0 simT=43290.0s realT=0s; (s/r): Infinity
2026-08-12T11:49:19,332  INFO AbstractQNetsimEngine:365 SIMULATION (QNetsimEngine) AT 19:00:00 : #links=0 #nodes=0
2026-08-12T11:49:19,332  INFO QSim:551 SIMULATION (NEW QSim) AT 19:00:00 : #active agents=2 lost=0 simT=46890.0s realT=0s; (s/r): Infinity
2026-08-12T11:49:19,381  INFO AbstractQNetsimEngine:365 SIMULATION (QNetsimEngine) AT 20:00:00 : #links=0 #nodes=0
2026-08-12T11:49:19,381  INFO QSim:551 SIMULATION (NEW QSim) AT 20:00:00 : #active agents=2 lost=0 simT=50490.0s realT=0s; (s/r): Infinity
2026-08-12T11:49:19,432  INFO AbstractQNetsimEngine:365 SIMULATION (QNetsimEngine) AT 21:00:00 : #links=1 #nodes=0
2026-08-12T11:49:19,432  INFO QSim:551 SIMULATION (NEW QSim) AT 21:00:00 : #active agents=2 lost=0 simT=54090.0s realT=0s; (s/r): Infinity
2026-08-12T11:49:19,482  INFO AbstractQNetsimEngine:365 SIMULATION (QNetsimEngine) AT 22:00:00 : #links=0 #nodes=0
2026-08-12T11:49:19,482  INFO QSim:551 SIMULATION (NEW QSim) AT 22:00:00 : #active agents=2 lost=0 simT=57690.0s realT=0s; (s/r): Infinity
2026-08-12T11:49:19,531  INFO AbstractQNetsimEngine:365 SIMULATION (QNetsimEngine) AT 23:00:00 : #links=0 #nodes=0
2026-08-12T11:49:19,532  INFO QSim:551 SIMULATION (NEW QSim) AT 23:00:00 : #active agents=1 lost=0 simT=61290.0s realT=0s; (s/r): Infinity
2026-08-12T11:49:19,574  INFO AbstractController$9:237 ### ITERATION 2 fires after mobsim event
2026-08-12T11:49:19,574  INFO Gbl:196 Thread performance: Thread=class org.matsim.core.events.SimStepParallelEventsManagerImpl$ProcessEventsRunnable0  cpu-time=0.178977sec
2026-08-12T11:49:19,574  INFO ControllerListenerManagerImpl:331 calling notifyAfterMobsim on org.matsim.analysis.LegTimesControllerListener with priority 0.0
2026-08-12T11:49:19,575  INFO LegTimesControllerListener:73 [2] average leg duration is: 5756 seconds = 01:35:56
2026-08-12T11:49:19,575  INFO ControllerListenerManagerImpl:331 calling notifyAfterMobsim on org.matsim.core.events.MobsimScopeEventHandling with priority 0.0
2026-08-12T11:49:19,575  INFO ControllerListenerManagerImpl:331 calling notifyAfterMobsim on org.matsim.core.scoring.EventsToActivities$1 with priority 0.0
2026-08-12T11:49:19,575  INFO ControllerListenerManagerImpl:334 [it.2] all ControllerAfterMobsimListeners called.
2026-08-12T11:49:19,575  INFO AbstractController$4:162 ### ITERATION 2 fires scoring event
2026-08-12T11:49:19,575  INFO ControllerListenerManagerImpl:245 calling notifyScoring on org.matsim.core.scoring.PlansScoringImpl with priority 0.0
2026-08-12T11:49:19,575  INFO ControllerListenerManagerImpl:257 [it.2] all ControllerScoringListeners called.
2026-08-12T11:49:19,575  INFO AbstractController$5:170 ### ITERATION 2 fires iteration end event
2026-08-12T11:49:19,575  INFO ControllerListenerManagerImpl:216 calling notifyIterationEnds on org.matsim.core.controler.corelisteners.EventsHandlingImpl with priority 0.0
2026-08-12T11:49:19,575  INFO ControllerListenerManagerImpl:216 calling notifyIterationEnds on org.matsim.core.scoring.PlansScoringImpl with priority 0.0
2026-08-12T11:49:19,575  INFO ControllerListenerManagerImpl:224 calling notifyIterationEnds on org.matsim.counts.CountsControllerListener with priority 0.0
2026-08-12T11:49:19,575  INFO ControllerListenerManagerImpl:224 calling notifyIterationEnds on org.matsim.analysis.ModeChoiceCoverageControllerListener with priority 0.0
2026-08-12T11:49:19,576  INFO ModeChoiceCoverageControllerListener:144 -- mode choice coverage (1x) of mode car = 1.0
2026-08-12T11:49:19,576  INFO ModeChoiceCoverageControllerListener:144 -- mode choice coverage (5x) of mode car = 0.0
2026-08-12T11:49:19,576  INFO ModeChoiceCoverageControllerListener:144 -- mode choice coverage (10x) of mode car = 0.0
2026-08-12T11:49:19,622  INFO ControllerListenerManagerImpl:224 calling notifyIterationEnds on org.matsim.analysis.ModeStatsControllerListener with priority 0.0
2026-08-12T11:49:19,622  INFO ModeStatsControllerListener:132 Mode shares over all 201.0 trips found. MainModeIdentifier: class org.matsim.core.router.DefaultAnalysisMainModeIdentifier
2026-08-12T11:49:19,622  INFO ModeStatsControllerListener:139 -- mode share of mode car = 1.0
2026-08-12T11:49:19,649  INFO ControllerListenerManagerImpl:224 calling notifyIterationEnds on org.matsim.analysis.ScoreStatsControlerListener with priority 0.0
2026-08-12T11:49:19,649  INFO ScoreStatsControlerListener:154 -- avg. score of the executed plan of each agent: -14.82943617132934
2026-08-12T11:49:19,649  INFO ScoreStatsControlerListener:155 -- avg. score of the worst plan of each agent: -14.926499027604597
2026-08-12T11:49:19,649  INFO ScoreStatsControlerListener:156 -- avg. of the avg. plan score per agent: -14.875208923841491
2026-08-12T11:49:19,649  INFO ScoreStatsControlerListener:157 -- avg. score of the best plan of each agent: -14.82875359895652
2026-08-12T11:49:19,664  INFO ControllerListenerManagerImpl:224 calling notifyIterationEnds on org.matsim.analysis.IterationTravelStatsControllerListener with priority 0.0
2026-08-12T11:49:19,665  INFO TravelDistanceStats:113 -- average leg distance per plan (executed plans only): 19258.70646766169 meters
2026-08-12T11:49:19,665  INFO TravelDistanceStats:114 average leg distance per Person (executed plans only): 116130.0 meters (statistic on all 603 legs which have a finite distance)
2026-08-12T11:49:19,665  INFO TravelDistanceStats:115 -- average trip distance per plan (executed plans only): 57776.119402985074 meters
2026-08-12T11:49:19,665  INFO TravelDistanceStats:116 average trip distance per Person (executed plans only): 116130.0 meters (statistic on all 201 trips which have a finite distance)
2026-08-12T11:49:19,665  INFO TravelDistanceStats:117 (TravelDistanceStats takes an average over all legs where the simulation reports travelled (network) distances
2026-08-12T11:49:19,665  INFO TravelDistanceStats:118 (and teleported legs whose route contains a distance.)
2026-08-12T11:49:19,700  INFO ControllerListenerManagerImpl:224 calling notifyIterationEnds on org.matsim.analysis.LegTimesControllerListener with priority 0.0
2026-08-12T11:49:19,701  INFO EventsManagerImpl:160 removing Event-Handler: org.matsim.analysis.CalcLegTimes
2026-08-12T11:49:19,701  INFO EventsManagerImpl:160 removing Event-Handler: org.matsim.analysis.CalcLegTimes
2026-08-12T11:49:19,701  INFO ControllerListenerManagerImpl:224 calling notifyIterationEnds on org.matsim.analysis.LegHistogramListener with priority 0.0
2026-08-12T11:49:19,702  INFO LegHistogramListener:79 number of legs:	603	100%
2026-08-12T11:49:19,702  INFO LegHistogramListener:86 number of car legs:	201	33.333333333333336%
2026-08-12T11:49:19,702  INFO LegHistogramListener:86 number of walk legs:	402	66.66666666666667%
2026-08-12T11:49:19,766  INFO EventsManagerImpl:160 removing Event-Handler: org.matsim.analysis.LegHistogram
2026-08-12T11:49:19,766  INFO EventsManagerImpl:160 removing Event-Handler: org.matsim.analysis.LegHistogram
2026-08-12T11:49:19,766  INFO ControllerListenerManagerImpl:224 calling notifyIterationEnds on org.matsim.analysis.LinkStatsControllerListener with priority 0.0
2026-08-12T11:49:19,766  INFO ControllerListenerManagerImpl:228 [it.2] all ControllerIterationEndsListeners called.
2026-08-12T11:49:19,787  INFO AbstractController:184 ### ITERATION 2 ENDS
2026-08-12T11:49:19,787  INFO AbstractController:185 ###################################################
2026-08-12T11:49:19,787  INFO AbstractController:136 ###################################################
2026-08-12T11:49:19,787  INFO AbstractController:137 ### ITERATION 3 BEGINS
2026-08-12T11:49:19,787  INFO ControllerListenerManagerImpl:195 calling notifyIterationStarts on org.matsim.analysis.LegTimesControllerListener with priority 0.0
2026-08-12T11:49:19,788  INFO EventsManagerImpl:135 === Logging of event-handlers skipped ===
2026-08-12T11:49:19,788  INFO EventsManagerImpl:136 To enable debug output, set an environment variable i.e. export LOG_LEVEL='debug', or use Configurator...Level.DEBUG) in your run class.
2026-08-12T11:49:19,788  INFO EventsManagerImpl:205     > org.matsim.api.core.v01.events.PersonDepartureEvent
2026-08-12T11:49:19,788  INFO EventsManagerImpl:205     > org.matsim.api.core.v01.events.PersonArrivalEvent
2026-08-12T11:49:19,788  INFO EventsManagerImpl:205     > org.matsim.api.core.v01.events.ActivityEndEvent
2026-08-12T11:49:19,788  INFO EventsManagerImpl:205     > org.matsim.api.core.v01.events.ActivityStartEvent
2026-08-12T11:49:19,788  INFO EventsManagerImpl:135 === Logging of event-handlers skipped ===
2026-08-12T11:49:19,788  INFO EventsManagerImpl:136 To enable debug output, set an environment variable i.e. export LOG_LEVEL='debug', or use Configurator...Level.DEBUG) in your run class.
2026-08-12T11:49:19,788  INFO EventsManagerImpl:205     > org.matsim.api.core.v01.events.PersonDepartureEvent
2026-08-12T11:49:19,788  INFO EventsManagerImpl:205     > org.matsim.api.core.v01.events.PersonArrivalEvent
2026-08-12T11:49:19,788  INFO EventsManagerImpl:205     > org.matsim.api.core.v01.events.ActivityEndEvent
2026-08-12T11:49:19,788  INFO EventsManagerImpl:205     > org.matsim.api.core.v01.events.ActivityStartEvent
2026-08-12T11:49:19,788  INFO ControllerListenerManagerImpl:195 calling notifyIterationStarts on org.matsim.analysis.LegHistogramListener with priority 0.0
2026-08-12T11:49:19,788  INFO EventsManagerImpl:135 === Logging of event-handlers skipped ===
2026-08-12T11:49:19,788  INFO EventsManagerImpl:136 To enable debug output, set an environment variable i.e. export LOG_LEVEL='debug', or use Configurator...Level.DEBUG) in your run class.
2026-08-12T11:49:19,788  INFO EventsManagerImpl:205     > org.matsim.api.core.v01.events.PersonDepartureEvent
2026-08-12T11:49:19,788  INFO EventsManagerImpl:205     > org.matsim.api.core.v01.events.PersonArrivalEvent
2026-08-12T11:49:19,788  INFO EventsManagerImpl:205     > org.matsim.api.core.v01.events.PersonStuckEvent
2026-08-12T11:49:19,788  INFO EventsManagerImpl:135 === Logging of event-handlers skipped ===
2026-08-12T11:49:19,788  INFO EventsManagerImpl:136 To enable debug output, set an environment variable i.e. export LOG_LEVEL='debug', or use Configurator...Level.DEBUG) in your run class.
2026-08-12T11:49:19,788  INFO EventsManagerImpl:205     > org.matsim.api.core.v01.events.PersonDepartureEvent
2026-08-12T11:49:19,788  INFO EventsManagerImpl:205     > org.matsim.api.core.v01.events.PersonArrivalEvent
2026-08-12T11:49:19,788  INFO EventsManagerImpl:205     > org.matsim.api.core.v01.events.PersonStuckEvent
2026-08-12T11:49:19,788  INFO ControllerListenerManagerImpl:195 calling notifyIterationStarts on org.matsim.analysis.LinkStatsControllerListener with priority 0.0
2026-08-12T11:49:19,788  INFO ControllerListenerManagerImpl:195 calling notifyIterationStarts on org.matsim.core.replanning.ReplanningContextImpl with priority 0.0
2026-08-12T11:49:19,788  INFO ControllerListenerManagerImpl:195 calling notifyIterationStarts on org.matsim.core.scoring.ScoringFunctionsForPopulation$$Lambda/0x00001e0001314a18 with priority 0.0
2026-08-12T11:49:19,788  INFO ControllerListenerManagerImpl:195 calling notifyIterationStarts on org.matsim.core.scoring.ExperiencedPlansServiceImpl with priority 0.0
2026-08-12T11:49:19,788  INFO ControllerListenerManagerImpl:198 [it.3] all ControllerIterationStartsListeners called.
2026-08-12T11:49:19,788  INFO ControllerListenerManagerImpl:274 calling notifyReplanning on org.matsim.core.controler.corelisteners.PlansReplanningImpl with priority 0.0
2026-08-12T11:49:19,789  INFO GenericPlanStrategyImpl:135 Plan-Strategy finished, 88 plans handled. Strategy: BestPlanSelector
2026-08-12T11:49:19,789  INFO AbstractMultithreadedModule:142 [PlanRouter] starting 2 threads, handling 12 plans
2026-08-12T11:49:19,789  INFO Counter:71 [PlanRouter] handled plan # 1
2026-08-12T11:49:19,789  INFO Counter:71 [PlanRouter] handled plan # 4
2026-08-12T11:49:19,790  INFO AbstractMultithreadedModule:157 [PlanRouter] all 2 threads finished.
2026-08-12T11:49:19,790  INFO GenericPlanStrategyImpl:135 Plan-Strategy finished, 12 plans handled. Strategy: RandomPlanSelector_ReRoute
2026-08-12T11:49:19,790  INFO ControllerListenerManagerImpl:283 [it.3] all ControllerReplanningListeners called.
2026-08-12T11:49:19,790  INFO ControllerListenerManagerImpl:300 calling notifyBeforeMobsim on org.matsim.core.controler.corelisteners.EventsHandlingImpl with priority 0.0
2026-08-12T11:49:19,790  INFO EventsManagerImpl:169 resetting Event-Handlers
2026-08-12T11:49:19,790  INFO EventsManagerImpl:175   org.matsim.core.trafficmonitoring.TravelTimeCalculator
2026-08-12T11:49:19,790  INFO EventsManagerImpl:175   org.matsim.analysis.VolumesAnalyzer
2026-08-12T11:49:19,790  INFO EventsManagerImpl:175   org.matsim.core.scoring.ScoringFunctionsForPopulation
2026-08-12T11:49:19,790  INFO EventsManagerImpl:175   org.matsim.analysis.CalcLegTimes
2026-08-12T11:49:19,790  INFO EventsManagerImpl:175   org.matsim.analysis.LegHistogram
2026-08-12T11:49:19,790  INFO ControllerListenerManagerImpl:300 calling notifyBeforeMobsim on org.matsim.core.controler.corelisteners.PlansDumpingImpl with priority 0.0
2026-08-12T11:49:19,790  INFO ControllerListenerManagerImpl:306 calling notifyBeforeMobsim on org.matsim.core.population.VspPlansCleaner with priority 0.0
2026-08-12T11:49:19,790  INFO ControllerListenerManagerImpl:309 [it.3] all ControlerBeforeMobsimListeners called.
2026-08-12T11:49:19,791  INFO Counter:71 [PersonPrepareForSim] handled person # 4
2026-08-12T11:49:19,791  INFO Counter:71 [PersonPrepareForSim] handled person # 1
2026-08-12T11:49:19,791  INFO Counter:71 [PersonPrepareForSim] handled person # 16
2026-08-12T11:49:19,791  INFO Counter:71 [PersonPrepareForSim] handled person # 64
2026-08-12T11:49:19,791  INFO Counter:76 [PersonPrepareForSim] handled person # 100
2026-08-12T11:49:19,796  INFO MobsimListenerManager:50 calling addQueueSimulationListener
2026-08-12T11:49:19,796  INFO MobsimListenerManager:54   assigned class org.matsim.core.mobsim.framework.listeners.MobsimListener to interface org.matsim.core.mobsim.framework.listeners.MobsimListener
2026-08-12T11:49:19,796  INFO MobsimListenerManager:54   assigned class org.matsim.core.mobsim.framework.listeners.MobsimListener to interface org.matsim.core.mobsim.framework.listeners.MobsimAfterSimStepListener
2026-08-12T11:49:19,796  INFO MobsimListenerManager:54   assigned class org.matsim.core.mobsim.framework.listeners.MobsimListener to interface org.matsim.core.mobsim.framework.listeners.MobsimBeforeCleanupListener
2026-08-12T11:49:19,796  INFO MobsimListenerManager:54   assigned class org.matsim.core.mobsim.framework.listeners.MobsimListener to interface org.matsim.core.mobsim.framework.listeners.MobsimInitializedListener
2026-08-12T11:49:19,796  INFO MobsimListenerManager:54   assigned class org.matsim.core.mobsim.framework.listeners.MobsimListener to interface org.matsim.vis.snapshotwriters.SnapshotWriterManager
2026-08-12T11:49:19,796  INFO QSimProvider:131 Added MobsimEngine class org.matsim.core.mobsim.qsim.ActivityEngineDefaultImpl
2026-08-12T11:49:19,796  INFO QSimProvider:137 Added Activityhandler class org.matsim.core.mobsim.qsim.ActivityEngineDefaultImpl
2026-08-12T11:49:19,796  INFO QSimProvider:131 Added MobsimEngine class org.matsim.core.mobsim.qsim.qnetsimengine.QNetsimEngineWithThreadpool
2026-08-12T11:49:19,796  INFO QSimProvider:143 Added DepartureHandler class org.matsim.core.mobsim.qsim.qnetsimengine.NetworkModeDepartureHandlerDefaultImpl
2026-08-12T11:49:19,796  INFO QSimProvider:131 Added MobsimEngine class org.matsim.core.mobsim.qsim.DefaultTeleportationEngine
2026-08-12T11:49:19,796  INFO QSimProvider:143 Added DepartureHandler class org.matsim.core.mobsim.qsim.DefaultTeleportationEngine
2026-08-12T11:49:19,796  INFO QSimProvider:149 Added AgentSource class org.matsim.core.mobsim.qsim.agents.PopulationAgentSource
2026-08-12T11:49:19,796  INFO MobsimListenerManager:50 calling addQueueSimulationListener
2026-08-12T11:49:19,796  INFO MobsimListenerManager:54   assigned class org.matsim.core.mobsim.framework.listeners.MobsimListener to interface org.matsim.core.mobsim.qsim.messagequeueengine.MessageQueueEngine
2026-08-12T11:49:19,796  INFO MobsimListenerManager:54   assigned class org.matsim.core.mobsim.framework.listeners.MobsimListener to interface org.matsim.core.mobsim.framework.listeners.MobsimListener
2026-08-12T11:49:19,796  INFO MobsimListenerManager:54   assigned class org.matsim.core.mobsim.framework.listeners.MobsimListener to interface org.matsim.core.mobsim.framework.listeners.MobsimBeforeSimStepListener
2026-08-12T11:49:19,797  INFO QSimProvider:155 Added MobsimListener class org.matsim.core.mobsim.qsim.messagequeueengine.MessageQueueEngine
2026-08-12T11:49:19,798  INFO AbstractQNetsimEngine:427 Assigned 15 nodes and 23 links to QSimEngineRunner #0
2026-08-12T11:49:19,798  INFO AbstractQNetsimEngine:365 SIMULATION (QNetsimEngine) AT 05:58:30 : #links=0 #nodes=0
2026-08-12T11:49:19,798  INFO QSim:551 SIMULATION (NEW QSim) AT 05:58:30 : #active agents=100 lost=0 simT=0.0s realT=0s; (s/r): 0.0
2026-08-12T11:49:19,800  INFO AbstractQNetsimEngine:365 SIMULATION (QNetsimEngine) AT 06:00:00 : #links=0 #nodes=0
2026-08-12T11:49:19,800  INFO QSim:551 SIMULATION (NEW QSim) AT 06:00:00 : #active agents=100 lost=0 simT=90.0s realT=0s; (s/r): Infinity
2026-08-12T11:49:19,869  INFO AbstractQNetsimEngine:365 SIMULATION (QNetsimEngine) AT 07:00:00 : #links=0 #nodes=0
2026-08-12T11:49:19,869  INFO QSim:551 SIMULATION (NEW QSim) AT 07:00:00 : #active agents=100 lost=0 simT=3690.0s realT=0s; (s/r): Infinity
2026-08-12T11:49:19,935  INFO AbstractQNetsimEngine:365 SIMULATION (QNetsimEngine) AT 08:00:00 : #links=0 #nodes=0
2026-08-12T11:49:19,935  INFO QSim:551 SIMULATION (NEW QSim) AT 08:00:00 : #active agents=100 lost=0 simT=7290.0s realT=0s; (s/r): Infinity
2026-08-12T11:49:19,958  INFO Counter:71 EventsManagerImpl; event #16384
2026-08-12T11:49:20,005  INFO AbstractQNetsimEngine:365 SIMULATION (QNetsimEngine) AT 09:00:00 : #links=0 #nodes=0
2026-08-12T11:49:20,005  INFO QSim:551 SIMULATION (NEW QSim) AT 09:00:00 : #active agents=100 lost=0 simT=10890.0s realT=0s; (s/r): Infinity
2026-08-12T11:49:20,057  INFO AbstractQNetsimEngine:365 SIMULATION (QNetsimEngine) AT 10:00:00 : #links=0 #nodes=0
2026-08-12T11:49:20,057  INFO QSim:551 SIMULATION (NEW QSim) AT 10:00:00 : #active agents=100 lost=0 simT=14490.0s realT=0s; (s/r): Infinity
2026-08-12T11:49:20,109  INFO AbstractQNetsimEngine:365 SIMULATION (QNetsimEngine) AT 11:00:00 : #links=0 #nodes=0
2026-08-12T11:49:20,110  INFO QSim:551 SIMULATION (NEW QSim) AT 11:00:00 : #active agents=100 lost=0 simT=18090.0s realT=0s; (s/r): Infinity
2026-08-12T11:49:20,162  INFO AbstractQNetsimEngine:365 SIMULATION (QNetsimEngine) AT 12:00:00 : #links=0 #nodes=0
2026-08-12T11:49:20,162  INFO QSim:551 SIMULATION (NEW QSim) AT 12:00:00 : #active agents=100 lost=0 simT=21690.0s realT=0s; (s/r): Infinity
2026-08-12T11:49:20,214  INFO AbstractQNetsimEngine:365 SIMULATION (QNetsimEngine) AT 13:00:00 : #links=0 #nodes=0
2026-08-12T11:49:20,214  INFO QSim:551 SIMULATION (NEW QSim) AT 13:00:00 : #active agents=100 lost=0 simT=25290.0s realT=0s; (s/r): Infinity
2026-08-12T11:49:20,268  INFO AbstractQNetsimEngine:365 SIMULATION (QNetsimEngine) AT 14:00:00 : #links=0 #nodes=0
2026-08-12T11:49:20,268  INFO QSim:551 SIMULATION (NEW QSim) AT 14:00:00 : #active agents=100 lost=0 simT=28890.0s realT=0s; (s/r): Infinity
2026-08-12T11:49:20,320  INFO AbstractQNetsimEngine:365 SIMULATION (QNetsimEngine) AT 15:00:00 : #links=0 #nodes=0
2026-08-12T11:49:20,320  INFO QSim:551 SIMULATION (NEW QSim) AT 15:00:00 : #active agents=100 lost=0 simT=32490.0s realT=0s; (s/r): Infinity
2026-08-12T11:49:20,369  INFO AbstractQNetsimEngine:365 SIMULATION (QNetsimEngine) AT 16:00:00 : #links=0 #nodes=0
2026-08-12T11:49:20,370  INFO QSim:551 SIMULATION (NEW QSim) AT 16:00:00 : #active agents=100 lost=0 simT=36090.0s realT=0s; (s/r): Infinity
2026-08-12T11:49:20,421  INFO AbstractQNetsimEngine:365 SIMULATION (QNetsimEngine) AT 17:00:00 : #links=0 #nodes=0
2026-08-12T11:49:20,421  INFO QSim:551 SIMULATION (NEW QSim) AT 17:00:00 : #active agents=5 lost=0 simT=39690.0s realT=0s; (s/r): Infinity
2026-08-12T11:49:20,471  INFO AbstractQNetsimEngine:365 SIMULATION (QNetsimEngine) AT 18:00:00 : #links=0 #nodes=0
2026-08-12T11:49:20,471  INFO QSim:551 SIMULATION (NEW QSim) AT 18:00:00 : #active agents=4 lost=0 simT=43290.0s realT=0s; (s/r): Infinity
2026-08-12T11:49:20,521  INFO AbstractQNetsimEngine:365 SIMULATION (QNetsimEngine) AT 19:00:00 : #links=0 #nodes=0
2026-08-12T11:49:20,521  INFO QSim:551 SIMULATION (NEW QSim) AT 19:00:00 : #active agents=2 lost=0 simT=46890.0s realT=0s; (s/r): Infinity
2026-08-12T11:49:20,570  INFO AbstractQNetsimEngine:365 SIMULATION (QNetsimEngine) AT 20:00:00 : #links=0 #nodes=0
2026-08-12T11:49:20,570  INFO QSim:551 SIMULATION (NEW QSim) AT 20:00:00 : #active agents=2 lost=0 simT=50490.0s realT=0s; (s/r): Infinity
2026-08-12T11:49:20,623  INFO AbstractQNetsimEngine:365 SIMULATION (QNetsimEngine) AT 21:00:00 : #links=1 #nodes=0
2026-08-12T11:49:20,623  INFO QSim:551 SIMULATION (NEW QSim) AT 21:00:00 : #active agents=2 lost=0 simT=54090.0s realT=0s; (s/r): Infinity
2026-08-12T11:49:20,677  INFO AbstractQNetsimEngine:365 SIMULATION (QNetsimEngine) AT 22:00:00 : #links=0 #nodes=0
2026-08-12T11:49:20,677  INFO QSim:551 SIMULATION (NEW QSim) AT 22:00:00 : #active agents=2 lost=0 simT=57690.0s realT=0s; (s/r): Infinity
2026-08-12T11:49:20,729  INFO AbstractQNetsimEngine:365 SIMULATION (QNetsimEngine) AT 23:00:00 : #links=0 #nodes=0
2026-08-12T11:49:20,729  INFO QSim:551 SIMULATION (NEW QSim) AT 23:00:00 : #active agents=1 lost=0 simT=61290.0s realT=0s; (s/r): Infinity
2026-08-12T11:49:20,761  INFO AbstractController$9:237 ### ITERATION 3 fires after mobsim event
2026-08-12T11:49:20,761  INFO Gbl:196 Thread performance: Thread=class org.matsim.core.events.SimStepParallelEventsManagerImpl$ProcessEventsRunnable0  cpu-time=0.16984sec
2026-08-12T11:49:20,761  INFO ControllerListenerManagerImpl:331 calling notifyAfterMobsim on org.matsim.analysis.LegTimesControllerListener with priority 0.0
2026-08-12T11:49:20,762  INFO LegTimesControllerListener:73 [3] average leg duration is: 5752 seconds = 01:35:52
2026-08-12T11:49:20,762  INFO ControllerListenerManagerImpl:331 calling notifyAfterMobsim on org.matsim.core.events.MobsimScopeEventHandling with priority 0.0
2026-08-12T11:49:20,762  INFO ControllerListenerManagerImpl:331 calling notifyAfterMobsim on org.matsim.core.scoring.EventsToActivities$1 with priority 0.0
2026-08-12T11:49:20,762  INFO ControllerListenerManagerImpl:334 [it.3] all ControllerAfterMobsimListeners called.
2026-08-12T11:49:20,762  INFO AbstractController$4:162 ### ITERATION 3 fires scoring event
2026-08-12T11:49:20,762  INFO ControllerListenerManagerImpl:245 calling notifyScoring on org.matsim.core.scoring.PlansScoringImpl with priority 0.0
2026-08-12T11:49:20,763  INFO ControllerListenerManagerImpl:257 [it.3] all ControllerScoringListeners called.
2026-08-12T11:49:20,763  INFO AbstractController$5:170 ### ITERATION 3 fires iteration end event
2026-08-12T11:49:20,763  INFO ControllerListenerManagerImpl:216 calling notifyIterationEnds on org.matsim.core.controler.corelisteners.EventsHandlingImpl with priority 0.0
2026-08-12T11:49:20,763  INFO ControllerListenerManagerImpl:216 calling notifyIterationEnds on org.matsim.core.scoring.PlansScoringImpl with priority 0.0
2026-08-12T11:49:20,763  INFO ControllerListenerManagerImpl:224 calling notifyIterationEnds on org.matsim.counts.CountsControllerListener with priority 0.0
2026-08-12T11:49:20,763  INFO ControllerListenerManagerImpl:224 calling notifyIterationEnds on org.matsim.analysis.ModeChoiceCoverageControllerListener with priority 0.0
2026-08-12T11:49:20,763  INFO ModeChoiceCoverageControllerListener:144 -- mode choice coverage (1x) of mode car = 1.0
2026-08-12T11:49:20,763  INFO ModeChoiceCoverageControllerListener:144 -- mode choice coverage (5x) of mode car = 0.0
2026-08-12T11:49:20,763  INFO ModeChoiceCoverageControllerListener:144 -- mode choice coverage (10x) of mode car = 0.0
2026-08-12T11:49:20,803  INFO ControllerListenerManagerImpl:224 calling notifyIterationEnds on org.matsim.analysis.ModeStatsControllerListener with priority 0.0
2026-08-12T11:49:20,803  INFO ModeStatsControllerListener:132 Mode shares over all 201.0 trips found. MainModeIdentifier: class org.matsim.core.router.DefaultAnalysisMainModeIdentifier
2026-08-12T11:49:20,803  INFO ModeStatsControllerListener:139 -- mode share of mode car = 1.0
2026-08-12T11:49:20,828  INFO ControllerListenerManagerImpl:224 calling notifyIterationEnds on org.matsim.analysis.ScoreStatsControlerListener with priority 0.0
2026-08-12T11:49:20,828  INFO ScoreStatsControlerListener:154 -- avg. score of the executed plan of each agent: -14.758317733918636
2026-08-12T11:49:20,828  INFO ScoreStatsControlerListener:155 -- avg. score of the worst plan of each agent: -14.891831770710473
2026-08-12T11:49:20,828  INFO ScoreStatsControlerListener:156 -- avg. of the avg. plan score per agent: -14.820395195421874
2026-08-12T11:49:20,828  INFO ScoreStatsControlerListener:157 -- avg. score of the best plan of each agent: -14.757635088790883
2026-08-12T11:49:20,841  INFO ControllerListenerManagerImpl:224 calling notifyIterationEnds on org.matsim.analysis.IterationTravelStatsControllerListener with priority 0.0
2026-08-12T11:49:20,842  INFO TravelDistanceStats:113 -- average leg distance per plan (executed plans only): 19258.70646766169 meters
2026-08-12T11:49:20,842  INFO TravelDistanceStats:114 average leg distance per Person (executed plans only): 116130.0 meters (statistic on all 603 legs which have a finite distance)
2026-08-12T11:49:20,842  INFO TravelDistanceStats:115 -- average trip distance per plan (executed plans only): 57776.119402985074 meters
2026-08-12T11:49:20,842  INFO TravelDistanceStats:116 average trip distance per Person (executed plans only): 116130.0 meters (statistic on all 201 trips which have a finite distance)
2026-08-12T11:49:20,842  INFO TravelDistanceStats:117 (TravelDistanceStats takes an average over all legs where the simulation reports travelled (network) distances
2026-08-12T11:49:20,842  INFO TravelDistanceStats:118 (and teleported legs whose route contains a distance.)
2026-08-12T11:49:20,872  INFO ControllerListenerManagerImpl:224 calling notifyIterationEnds on org.matsim.analysis.LegTimesControllerListener with priority 0.0
2026-08-12T11:49:20,872  INFO EventsManagerImpl:160 removing Event-Handler: org.matsim.analysis.CalcLegTimes
2026-08-12T11:49:20,872  INFO EventsManagerImpl:160 removing Event-Handler: org.matsim.analysis.CalcLegTimes
2026-08-12T11:49:20,873  INFO ControllerListenerManagerImpl:224 calling notifyIterationEnds on org.matsim.analysis.LegHistogramListener with priority 0.0
2026-08-12T11:49:20,874  INFO LegHistogramListener:79 number of legs:	603	100%
2026-08-12T11:49:20,874  INFO LegHistogramListener:86 number of car legs:	201	33.333333333333336%
2026-08-12T11:49:20,874  INFO LegHistogramListener:86 number of walk legs:	402	66.66666666666667%
2026-08-12T11:49:20,931  INFO EventsManagerImpl:160 removing Event-Handler: org.matsim.analysis.LegHistogram
2026-08-12T11:49:20,931  INFO EventsManagerImpl:160 removing Event-Handler: org.matsim.analysis.LegHistogram
2026-08-12T11:49:20,931  INFO ControllerListenerManagerImpl:224 calling notifyIterationEnds on org.matsim.analysis.LinkStatsControllerListener with priority 0.0
2026-08-12T11:49:20,931  INFO ControllerListenerManagerImpl:228 [it.3] all ControllerIterationEndsListeners called.
2026-08-12T11:49:20,952  INFO AbstractController:184 ### ITERATION 3 ENDS
2026-08-12T11:49:20,953  INFO AbstractController:185 ###################################################
2026-08-12T11:49:20,953  INFO AbstractController:136 ###################################################
2026-08-12T11:49:20,953  INFO AbstractController:137 ### ITERATION 4 BEGINS
2026-08-12T11:49:20,953  INFO ControllerListenerManagerImpl:195 calling notifyIterationStarts on org.matsim.analysis.LegTimesControllerListener with priority 0.0
2026-08-12T11:49:20,953  INFO EventsManagerImpl:135 === Logging of event-handlers skipped ===
2026-08-12T11:49:20,953  INFO EventsManagerImpl:136 To enable debug output, set an environment variable i.e. export LOG_LEVEL='debug', or use Configurator...Level.DEBUG) in your run class.
2026-08-12T11:49:20,953  INFO EventsManagerImpl:205     > org.matsim.api.core.v01.events.PersonDepartureEvent
2026-08-12T11:49:20,953  INFO EventsManagerImpl:205     > org.matsim.api.core.v01.events.PersonArrivalEvent
2026-08-12T11:49:20,953  INFO EventsManagerImpl:205     > org.matsim.api.core.v01.events.ActivityEndEvent
2026-08-12T11:49:20,953  INFO EventsManagerImpl:205     > org.matsim.api.core.v01.events.ActivityStartEvent
2026-08-12T11:49:20,953  INFO EventsManagerImpl:135 === Logging of event-handlers skipped ===
2026-08-12T11:49:20,953  INFO EventsManagerImpl:136 To enable debug output, set an environment variable i.e. export LOG_LEVEL='debug', or use Configurator...Level.DEBUG) in your run class.
2026-08-12T11:49:20,953  INFO EventsManagerImpl:205     > org.matsim.api.core.v01.events.PersonDepartureEvent
2026-08-12T11:49:20,953  INFO EventsManagerImpl:205     > org.matsim.api.core.v01.events.PersonArrivalEvent
2026-08-12T11:49:20,953  INFO EventsManagerImpl:205     > org.matsim.api.core.v01.events.ActivityEndEvent
2026-08-12T11:49:20,953  INFO EventsManagerImpl:205     > org.matsim.api.core.v01.events.ActivityStartEvent
2026-08-12T11:49:20,953  INFO ControllerListenerManagerImpl:195 calling notifyIterationStarts on org.matsim.analysis.LegHistogramListener with priority 0.0
2026-08-12T11:49:20,953  INFO EventsManagerImpl:135 === Logging of event-handlers skipped ===
2026-08-12T11:49:20,953  INFO EventsManagerImpl:136 To enable debug output, set an environment variable i.e. export LOG_LEVEL='debug', or use Configurator...Level.DEBUG) in your run class.
2026-08-12T11:49:20,953  INFO EventsManagerImpl:205     > org.matsim.api.core.v01.events.PersonDepartureEvent
2026-08-12T11:49:20,953  INFO EventsManagerImpl:205     > org.matsim.api.core.v01.events.PersonArrivalEvent
2026-08-12T11:49:20,953  INFO EventsManagerImpl:205     > org.matsim.api.core.v01.events.PersonStuckEvent
2026-08-12T11:49:20,953  INFO EventsManagerImpl:135 === Logging of event-handlers skipped ===
2026-08-12T11:49:20,953  INFO EventsManagerImpl:136 To enable debug output, set an environment variable i.e. export LOG_LEVEL='debug', or use Configurator...Level.DEBUG) in your run class.
2026-08-12T11:49:20,953  INFO EventsManagerImpl:205     > org.matsim.api.core.v01.events.PersonDepartureEvent
2026-08-12T11:49:20,953  INFO EventsManagerImpl:205     > org.matsim.api.core.v01.events.PersonArrivalEvent
2026-08-12T11:49:20,953  INFO EventsManagerImpl:205     > org.matsim.api.core.v01.events.PersonStuckEvent
2026-08-12T11:49:20,953  INFO ControllerListenerManagerImpl:195 calling notifyIterationStarts on org.matsim.analysis.LinkStatsControllerListener with priority 0.0
2026-08-12T11:49:20,953  INFO ControllerListenerManagerImpl:195 calling notifyIterationStarts on org.matsim.core.replanning.ReplanningContextImpl with priority 0.0
2026-08-12T11:49:20,953  INFO ControllerListenerManagerImpl:195 calling notifyIterationStarts on org.matsim.core.scoring.ScoringFunctionsForPopulation$$Lambda/0x00001e0001314a18 with priority 0.0
2026-08-12T11:49:20,953  INFO ControllerListenerManagerImpl:195 calling notifyIterationStarts on org.matsim.core.scoring.ExperiencedPlansServiceImpl with priority 0.0
2026-08-12T11:49:20,953  INFO ControllerListenerManagerImpl:198 [it.4] all ControllerIterationStartsListeners called.
2026-08-12T11:49:20,953  INFO ControllerListenerManagerImpl:274 calling notifyReplanning on org.matsim.core.controler.corelisteners.PlansReplanningImpl with priority 0.0
2026-08-12T11:49:20,954  INFO GenericPlanStrategyImpl:135 Plan-Strategy finished, 90 plans handled. Strategy: BestPlanSelector
2026-08-12T11:49:20,954  INFO AbstractMultithreadedModule:142 [PlanRouter] starting 2 threads, handling 10 plans
2026-08-12T11:49:20,954  INFO Counter:71 [PlanRouter] handled plan # 1
2026-08-12T11:49:20,955  INFO Counter:71 [PlanRouter] handled plan # 4
2026-08-12T11:49:20,955  INFO AbstractMultithreadedModule:157 [PlanRouter] all 2 threads finished.
2026-08-12T11:49:20,955  INFO GenericPlanStrategyImpl:135 Plan-Strategy finished, 10 plans handled. Strategy: RandomPlanSelector_ReRoute
2026-08-12T11:49:20,955  INFO ControllerListenerManagerImpl:283 [it.4] all ControllerReplanningListeners called.
2026-08-12T11:49:20,955  INFO ControllerListenerManagerImpl:300 calling notifyBeforeMobsim on org.matsim.core.controler.corelisteners.EventsHandlingImpl with priority 0.0
2026-08-12T11:49:20,955  INFO EventsManagerImpl:169 resetting Event-Handlers
2026-08-12T11:49:20,955  INFO EventsManagerImpl:175   org.matsim.core.trafficmonitoring.TravelTimeCalculator
2026-08-12T11:49:20,955  INFO EventsManagerImpl:175   org.matsim.analysis.VolumesAnalyzer
2026-08-12T11:49:20,955  INFO EventsManagerImpl:175   org.matsim.core.scoring.ScoringFunctionsForPopulation
2026-08-12T11:49:20,955  INFO EventsManagerImpl:175   org.matsim.analysis.CalcLegTimes
2026-08-12T11:49:20,955  INFO EventsManagerImpl:175   org.matsim.analysis.LegHistogram
2026-08-12T11:49:20,955  INFO ControllerListenerManagerImpl:300 calling notifyBeforeMobsim on org.matsim.core.controler.corelisteners.PlansDumpingImpl with priority 0.0
2026-08-12T11:49:20,955  INFO ControllerListenerManagerImpl:306 calling notifyBeforeMobsim on org.matsim.core.population.VspPlansCleaner with priority 0.0
2026-08-12T11:49:20,955  INFO ControllerListenerManagerImpl:309 [it.4] all ControlerBeforeMobsimListeners called.
2026-08-12T11:49:20,955  INFO Counter:71 [PersonPrepareForSim] handled person # 1
2026-08-12T11:49:20,955  INFO Counter:71 [PersonPrepareForSim] handled person # 16
2026-08-12T11:49:20,955  INFO Counter:71 [PersonPrepareForSim] handled person # 4
2026-08-12T11:49:20,956  INFO Counter:71 [PersonPrepareForSim] handled person # 64
2026-08-12T11:49:20,956  INFO Counter:76 [PersonPrepareForSim] handled person # 100
2026-08-12T11:49:20,960  INFO MobsimListenerManager:50 calling addQueueSimulationListener
2026-08-12T11:49:20,960  INFO MobsimListenerManager:54   assigned class org.matsim.core.mobsim.framework.listeners.MobsimListener to interface org.matsim.core.mobsim.framework.listeners.MobsimListener
2026-08-12T11:49:20,960  INFO MobsimListenerManager:54   assigned class org.matsim.core.mobsim.framework.listeners.MobsimListener to interface org.matsim.core.mobsim.framework.listeners.MobsimAfterSimStepListener
2026-08-12T11:49:20,960  INFO MobsimListenerManager:54   assigned class org.matsim.core.mobsim.framework.listeners.MobsimListener to interface org.matsim.core.mobsim.framework.listeners.MobsimBeforeCleanupListener
2026-08-12T11:49:20,960  INFO MobsimListenerManager:54   assigned class org.matsim.core.mobsim.framework.listeners.MobsimListener to interface org.matsim.core.mobsim.framework.listeners.MobsimInitializedListener
2026-08-12T11:49:20,960  INFO MobsimListenerManager:54   assigned class org.matsim.core.mobsim.framework.listeners.MobsimListener to interface org.matsim.vis.snapshotwriters.SnapshotWriterManager
2026-08-12T11:49:20,960  INFO QSimProvider:131 Added MobsimEngine class org.matsim.core.mobsim.qsim.ActivityEngineDefaultImpl
2026-08-12T11:49:20,960  INFO QSimProvider:137 Added Activityhandler class org.matsim.core.mobsim.qsim.ActivityEngineDefaultImpl
2026-08-12T11:49:20,960  INFO QSimProvider:131 Added MobsimEngine class org.matsim.core.mobsim.qsim.qnetsimengine.QNetsimEngineWithThreadpool
2026-08-12T11:49:20,960  INFO QSimProvider:143 Added DepartureHandler class org.matsim.core.mobsim.qsim.qnetsimengine.NetworkModeDepartureHandlerDefaultImpl
2026-08-12T11:49:20,960  INFO QSimProvider:131 Added MobsimEngine class org.matsim.core.mobsim.qsim.DefaultTeleportationEngine
2026-08-12T11:49:20,960  INFO QSimProvider:143 Added DepartureHandler class org.matsim.core.mobsim.qsim.DefaultTeleportationEngine
2026-08-12T11:49:20,960  INFO QSimProvider:149 Added AgentSource class org.matsim.core.mobsim.qsim.agents.PopulationAgentSource
2026-08-12T11:49:20,960  INFO MobsimListenerManager:50 calling addQueueSimulationListener
2026-08-12T11:49:20,960  INFO MobsimListenerManager:54   assigned class org.matsim.core.mobsim.framework.listeners.MobsimListener to interface org.matsim.core.mobsim.qsim.messagequeueengine.MessageQueueEngine
2026-08-12T11:49:20,961  INFO MobsimListenerManager:54   assigned class org.matsim.core.mobsim.framework.listeners.MobsimListener to interface org.matsim.core.mobsim.framework.listeners.MobsimListener
2026-08-12T11:49:20,961  INFO MobsimListenerManager:54   assigned class org.matsim.core.mobsim.framework.listeners.MobsimListener to interface org.matsim.core.mobsim.framework.listeners.MobsimBeforeSimStepListener
2026-08-12T11:49:20,961  INFO QSimProvider:155 Added MobsimListener class org.matsim.core.mobsim.qsim.messagequeueengine.MessageQueueEngine
2026-08-12T11:49:20,962  INFO AbstractQNetsimEngine:427 Assigned 15 nodes and 23 links to QSimEngineRunner #0
2026-08-12T11:49:20,962  INFO AbstractQNetsimEngine:365 SIMULATION (QNetsimEngine) AT 05:58:30 : #links=0 #nodes=0
2026-08-12T11:49:20,962  INFO QSim:551 SIMULATION (NEW QSim) AT 05:58:30 : #active agents=100 lost=0 simT=0.0s realT=0s; (s/r): 0.0
2026-08-12T11:49:20,964  INFO AbstractQNetsimEngine:365 SIMULATION (QNetsimEngine) AT 06:00:00 : #links=0 #nodes=0
2026-08-12T11:49:20,964  INFO QSim:551 SIMULATION (NEW QSim) AT 06:00:00 : #active agents=100 lost=0 simT=90.0s realT=0s; (s/r): Infinity
2026-08-12T11:49:21,014  INFO AbstractQNetsimEngine:365 SIMULATION (QNetsimEngine) AT 07:00:00 : #links=0 #nodes=0
2026-08-12T11:49:21,014  INFO QSim:551 SIMULATION (NEW QSim) AT 07:00:00 : #active agents=100 lost=0 simT=3690.0s realT=0s; (s/r): Infinity
2026-08-12T11:49:21,064  INFO AbstractQNetsimEngine:365 SIMULATION (QNetsimEngine) AT 08:00:00 : #links=0 #nodes=0
2026-08-12T11:49:21,064  INFO QSim:551 SIMULATION (NEW QSim) AT 08:00:00 : #active agents=100 lost=0 simT=7290.0s realT=0s; (s/r): Infinity
2026-08-12T11:49:21,117  INFO AbstractQNetsimEngine:365 SIMULATION (QNetsimEngine) AT 09:00:00 : #links=0 #nodes=0
2026-08-12T11:49:21,118  INFO QSim:551 SIMULATION (NEW QSim) AT 09:00:00 : #active agents=100 lost=0 simT=10890.0s realT=0s; (s/r): Infinity
2026-08-12T11:49:21,170  INFO AbstractQNetsimEngine:365 SIMULATION (QNetsimEngine) AT 10:00:00 : #links=0 #nodes=0
2026-08-12T11:49:21,171  INFO QSim:551 SIMULATION (NEW QSim) AT 10:00:00 : #active agents=100 lost=0 simT=14490.0s realT=0s; (s/r): Infinity
2026-08-12T11:49:21,226  INFO AbstractQNetsimEngine:365 SIMULATION (QNetsimEngine) AT 11:00:00 : #links=0 #nodes=0
2026-08-12T11:49:21,226  INFO QSim:551 SIMULATION (NEW QSim) AT 11:00:00 : #active agents=100 lost=0 simT=18090.0s realT=0s; (s/r): Infinity
2026-08-12T11:49:21,278  INFO AbstractQNetsimEngine:365 SIMULATION (QNetsimEngine) AT 12:00:00 : #links=0 #nodes=0
2026-08-12T11:49:21,278  INFO QSim:551 SIMULATION (NEW QSim) AT 12:00:00 : #active agents=100 lost=0 simT=21690.0s realT=0s; (s/r): Infinity
2026-08-12T11:49:21,328  INFO AbstractQNetsimEngine:365 SIMULATION (QNetsimEngine) AT 13:00:00 : #links=0 #nodes=0
2026-08-12T11:49:21,328  INFO QSim:551 SIMULATION (NEW QSim) AT 13:00:00 : #active agents=100 lost=0 simT=25290.0s realT=0s; (s/r): Infinity
2026-08-12T11:49:21,383  INFO AbstractQNetsimEngine:365 SIMULATION (QNetsimEngine) AT 14:00:00 : #links=0 #nodes=0
2026-08-12T11:49:21,383  INFO QSim:551 SIMULATION (NEW QSim) AT 14:00:00 : #active agents=100 lost=0 simT=28890.0s realT=0s; (s/r): Infinity
2026-08-12T11:49:21,433  INFO AbstractQNetsimEngine:365 SIMULATION (QNetsimEngine) AT 15:00:00 : #links=0 #nodes=0
2026-08-12T11:49:21,433  INFO QSim:551 SIMULATION (NEW QSim) AT 15:00:00 : #active agents=100 lost=0 simT=32490.0s realT=0s; (s/r): Infinity
2026-08-12T11:49:21,484  INFO AbstractQNetsimEngine:365 SIMULATION (QNetsimEngine) AT 16:00:00 : #links=0 #nodes=0
2026-08-12T11:49:21,484  INFO QSim:551 SIMULATION (NEW QSim) AT 16:00:00 : #active agents=100 lost=0 simT=36090.0s realT=0s; (s/r): Infinity
2026-08-12T11:49:21,536  INFO AbstractQNetsimEngine:365 SIMULATION (QNetsimEngine) AT 17:00:00 : #links=0 #nodes=0
2026-08-12T11:49:21,536  INFO QSim:551 SIMULATION (NEW QSim) AT 17:00:00 : #active agents=5 lost=0 simT=39690.0s realT=0s; (s/r): Infinity
2026-08-12T11:49:21,587  INFO AbstractQNetsimEngine:365 SIMULATION (QNetsimEngine) AT 18:00:00 : #links=0 #nodes=0
2026-08-12T11:49:21,587  INFO QSim:551 SIMULATION (NEW QSim) AT 18:00:00 : #active agents=4 lost=0 simT=43290.0s realT=0s; (s/r): Infinity
2026-08-12T11:49:21,637  INFO AbstractQNetsimEngine:365 SIMULATION (QNetsimEngine) AT 19:00:00 : #links=0 #nodes=0
2026-08-12T11:49:21,637  INFO QSim:551 SIMULATION (NEW QSim) AT 19:00:00 : #active agents=2 lost=0 simT=46890.0s realT=0s; (s/r): Infinity
2026-08-12T11:49:21,686  INFO AbstractQNetsimEngine:365 SIMULATION (QNetsimEngine) AT 20:00:00 : #links=0 #nodes=0
2026-08-12T11:49:21,687  INFO QSim:551 SIMULATION (NEW QSim) AT 20:00:00 : #active agents=2 lost=0 simT=50490.0s realT=0s; (s/r): Infinity
2026-08-12T11:49:21,737  INFO AbstractQNetsimEngine:365 SIMULATION (QNetsimEngine) AT 21:00:00 : #links=1 #nodes=0
2026-08-12T11:49:21,738  INFO QSim:551 SIMULATION (NEW QSim) AT 21:00:00 : #active agents=2 lost=0 simT=54090.0s realT=0s; (s/r): Infinity
2026-08-12T11:49:21,787  INFO AbstractQNetsimEngine:365 SIMULATION (QNetsimEngine) AT 22:00:00 : #links=0 #nodes=0
2026-08-12T11:49:21,787  INFO QSim:551 SIMULATION (NEW QSim) AT 22:00:00 : #active agents=2 lost=0 simT=57690.0s realT=0s; (s/r): Infinity
2026-08-12T11:49:21,837  INFO AbstractQNetsimEngine:365 SIMULATION (QNetsimEngine) AT 23:00:00 : #links=0 #nodes=0
2026-08-12T11:49:21,837  INFO QSim:551 SIMULATION (NEW QSim) AT 23:00:00 : #active agents=1 lost=0 simT=61290.0s realT=0s; (s/r): Infinity
2026-08-12T11:49:21,869  INFO AbstractController$9:237 ### ITERATION 4 fires after mobsim event
2026-08-12T11:49:21,869  INFO Gbl:196 Thread performance: Thread=class org.matsim.core.events.SimStepParallelEventsManagerImpl$ProcessEventsRunnable0  cpu-time=0.160595sec
2026-08-12T11:49:21,869  INFO ControllerListenerManagerImpl:331 calling notifyAfterMobsim on org.matsim.analysis.LegTimesControllerListener with priority 0.0
2026-08-12T11:49:21,869  INFO LegTimesControllerListener:73 [4] average leg duration is: 5750 seconds = 01:35:50
2026-08-12T11:49:21,869  INFO ControllerListenerManagerImpl:331 calling notifyAfterMobsim on org.matsim.core.events.MobsimScopeEventHandling with priority 0.0
2026-08-12T11:49:21,869  INFO ControllerListenerManagerImpl:331 calling notifyAfterMobsim on org.matsim.core.scoring.EventsToActivities$1 with priority 0.0
2026-08-12T11:49:21,869  INFO ControllerListenerManagerImpl:334 [it.4] all ControllerAfterMobsimListeners called.
2026-08-12T11:49:21,869  INFO AbstractController$4:162 ### ITERATION 4 fires scoring event
2026-08-12T11:49:21,869  INFO ControllerListenerManagerImpl:245 calling notifyScoring on org.matsim.core.scoring.PlansScoringImpl with priority 0.0
2026-08-12T11:49:21,870  INFO ControllerListenerManagerImpl:257 [it.4] all ControllerScoringListeners called.
2026-08-12T11:49:21,870  INFO AbstractController$5:170 ### ITERATION 4 fires iteration end event
2026-08-12T11:49:21,870  INFO ControllerListenerManagerImpl:216 calling notifyIterationEnds on org.matsim.core.controler.corelisteners.EventsHandlingImpl with priority 0.0
2026-08-12T11:49:21,870  INFO ControllerListenerManagerImpl:216 calling notifyIterationEnds on org.matsim.core.scoring.PlansScoringImpl with priority 0.0
2026-08-12T11:49:21,870  INFO ControllerListenerManagerImpl:224 calling notifyIterationEnds on org.matsim.counts.CountsControllerListener with priority 0.0
2026-08-12T11:49:21,870  INFO ControllerListenerManagerImpl:224 calling notifyIterationEnds on org.matsim.analysis.ModeChoiceCoverageControllerListener with priority 0.0
2026-08-12T11:49:21,870  INFO ModeChoiceCoverageControllerListener:144 -- mode choice coverage (1x) of mode car = 1.0
2026-08-12T11:49:21,870  INFO ModeChoiceCoverageControllerListener:144 -- mode choice coverage (5x) of mode car = 1.0
2026-08-12T11:49:21,870  INFO ModeChoiceCoverageControllerListener:144 -- mode choice coverage (10x) of mode car = 0.0
2026-08-12T11:49:21,911  INFO ControllerListenerManagerImpl:224 calling notifyIterationEnds on org.matsim.analysis.ModeStatsControllerListener with priority 0.0
2026-08-12T11:49:21,911  INFO ModeStatsControllerListener:132 Mode shares over all 201.0 trips found. MainModeIdentifier: class org.matsim.core.router.DefaultAnalysisMainModeIdentifier
2026-08-12T11:49:21,911  INFO ModeStatsControllerListener:139 -- mode share of mode car = 1.0
2026-08-12T11:49:21,936  INFO ControllerListenerManagerImpl:224 calling notifyIterationEnds on org.matsim.analysis.ScoreStatsControlerListener with priority 0.0
2026-08-12T11:49:21,936  INFO ScoreStatsControlerListener:154 -- avg. score of the executed plan of each agent: -14.705726777772734
2026-08-12T11:49:21,936  INFO ScoreStatsControlerListener:155 -- avg. score of the worst plan of each agent: -14.864548590500615
2026-08-12T11:49:21,936  INFO ScoreStatsControlerListener:156 -- avg. of the avg. plan score per agent: -14.778412906577799
2026-08-12T11:49:21,936  INFO ScoreStatsControlerListener:157 -- avg. score of the best plan of each agent: -14.705509571503477
2026-08-12T11:49:21,949  INFO ControllerListenerManagerImpl:224 calling notifyIterationEnds on org.matsim.analysis.IterationTravelStatsControllerListener with priority 0.0
2026-08-12T11:49:21,950  INFO TravelDistanceStats:113 -- average leg distance per plan (executed plans only): 19258.70646766169 meters
2026-08-12T11:49:21,950  INFO TravelDistanceStats:114 average leg distance per Person (executed plans only): 116130.0 meters (statistic on all 603 legs which have a finite distance)
2026-08-12T11:49:21,950  INFO TravelDistanceStats:115 -- average trip distance per plan (executed plans only): 57776.119402985074 meters
2026-08-12T11:49:21,950  INFO TravelDistanceStats:116 average trip distance per Person (executed plans only): 116130.0 meters (statistic on all 201 trips which have a finite distance)
2026-08-12T11:49:21,950  INFO TravelDistanceStats:117 (TravelDistanceStats takes an average over all legs where the simulation reports travelled (network) distances
2026-08-12T11:49:21,950  INFO TravelDistanceStats:118 (and teleported legs whose route contains a distance.)
2026-08-12T11:49:21,979  INFO ControllerListenerManagerImpl:224 calling notifyIterationEnds on org.matsim.analysis.LegTimesControllerListener with priority 0.0
2026-08-12T11:49:21,979  INFO EventsManagerImpl:160 removing Event-Handler: org.matsim.analysis.CalcLegTimes
2026-08-12T11:49:21,979  INFO EventsManagerImpl:160 removing Event-Handler: org.matsim.analysis.CalcLegTimes
2026-08-12T11:49:21,979  INFO ControllerListenerManagerImpl:224 calling notifyIterationEnds on org.matsim.analysis.LegHistogramListener with priority 0.0
2026-08-12T11:49:21,980  INFO LegHistogramListener:79 number of legs:	603	100%
2026-08-12T11:49:21,980  INFO LegHistogramListener:86 number of car legs:	201	33.333333333333336%
2026-08-12T11:49:21,980  INFO LegHistogramListener:86 number of walk legs:	402	66.66666666666667%
2026-08-12T11:49:22,040  INFO EventsManagerImpl:160 removing Event-Handler: org.matsim.analysis.LegHistogram
2026-08-12T11:49:22,040  INFO EventsManagerImpl:160 removing Event-Handler: org.matsim.analysis.LegHistogram
2026-08-12T11:49:22,040  INFO ControllerListenerManagerImpl:224 calling notifyIterationEnds on org.matsim.analysis.LinkStatsControllerListener with priority 0.0
2026-08-12T11:49:22,040  INFO ControllerListenerManagerImpl:228 [it.4] all ControllerIterationEndsListeners called.
2026-08-12T11:49:22,061  INFO AbstractController:184 ### ITERATION 4 ENDS
2026-08-12T11:49:22,061  INFO AbstractController:185 ###################################################
2026-08-12T11:49:22,061  INFO AbstractController:136 ###################################################
2026-08-12T11:49:22,061  INFO AbstractController:137 ### ITERATION 5 BEGINS
2026-08-12T11:49:22,061  INFO ControllerListenerManagerImpl:195 calling notifyIterationStarts on org.matsim.analysis.LegTimesControllerListener with priority 0.0
2026-08-12T11:49:22,061  INFO EventsManagerImpl:135 === Logging of event-handlers skipped ===
2026-08-12T11:49:22,061  INFO EventsManagerImpl:136 To enable debug output, set an environment variable i.e. export LOG_LEVEL='debug', or use Configurator...Level.DEBUG) in your run class.
2026-08-12T11:49:22,061  INFO EventsManagerImpl:205     > org.matsim.api.core.v01.events.PersonDepartureEvent
2026-08-12T11:49:22,061  INFO EventsManagerImpl:205     > org.matsim.api.core.v01.events.PersonArrivalEvent
2026-08-12T11:49:22,061  INFO EventsManagerImpl:205     > org.matsim.api.core.v01.events.ActivityEndEvent
2026-08-12T11:49:22,061  INFO EventsManagerImpl:205     > org.matsim.api.core.v01.events.ActivityStartEvent
2026-08-12T11:49:22,061  INFO EventsManagerImpl:135 === Logging of event-handlers skipped ===
2026-08-12T11:49:22,061  INFO EventsManagerImpl:136 To enable debug output, set an environment variable i.e. export LOG_LEVEL='debug', or use Configurator...Level.DEBUG) in your run class.
2026-08-12T11:49:22,061  INFO EventsManagerImpl:205     > org.matsim.api.core.v01.events.PersonDepartureEvent
2026-08-12T11:49:22,061  INFO EventsManagerImpl:205     > org.matsim.api.core.v01.events.PersonArrivalEvent
2026-08-12T11:49:22,061  INFO EventsManagerImpl:205     > org.matsim.api.core.v01.events.ActivityEndEvent
2026-08-12T11:49:22,061  INFO EventsManagerImpl:205     > org.matsim.api.core.v01.events.ActivityStartEvent
2026-08-12T11:49:22,061  INFO ControllerListenerManagerImpl:195 calling notifyIterationStarts on org.matsim.analysis.LegHistogramListener with priority 0.0
2026-08-12T11:49:22,061  INFO EventsManagerImpl:135 === Logging of event-handlers skipped ===
2026-08-12T11:49:22,061  INFO EventsManagerImpl:136 To enable debug output, set an environment variable i.e. export LOG_LEVEL='debug', or use Configurator...Level.DEBUG) in your run class.
2026-08-12T11:49:22,061  INFO EventsManagerImpl:205     > org.matsim.api.core.v01.events.PersonDepartureEvent
2026-08-12T11:49:22,061  INFO EventsManagerImpl:205     > org.matsim.api.core.v01.events.PersonArrivalEvent
2026-08-12T11:49:22,061  INFO EventsManagerImpl:205     > org.matsim.api.core.v01.events.PersonStuckEvent
2026-08-12T11:49:22,061  INFO EventsManagerImpl:135 === Logging of event-handlers skipped ===
2026-08-12T11:49:22,061  INFO EventsManagerImpl:136 To enable debug output, set an environment variable i.e. export LOG_LEVEL='debug', or use Configurator...Level.DEBUG) in your run class.
2026-08-12T11:49:22,061  INFO EventsManagerImpl:205     > org.matsim.api.core.v01.events.PersonDepartureEvent
2026-08-12T11:49:22,061  INFO EventsManagerImpl:205     > org.matsim.api.core.v01.events.PersonArrivalEvent
2026-08-12T11:49:22,061  INFO EventsManagerImpl:205     > org.matsim.api.core.v01.events.PersonStuckEvent
2026-08-12T11:49:22,061  INFO ControllerListenerManagerImpl:195 calling notifyIterationStarts on org.matsim.analysis.LinkStatsControllerListener with priority 0.0
2026-08-12T11:49:22,061  INFO ControllerListenerManagerImpl:195 calling notifyIterationStarts on org.matsim.core.replanning.ReplanningContextImpl with priority 0.0
2026-08-12T11:49:22,061  INFO ControllerListenerManagerImpl:195 calling notifyIterationStarts on org.matsim.core.scoring.ScoringFunctionsForPopulation$$Lambda/0x00001e0001314a18 with priority 0.0
2026-08-12T11:49:22,061  INFO ControllerListenerManagerImpl:195 calling notifyIterationStarts on org.matsim.core.scoring.ExperiencedPlansServiceImpl with priority 0.0
2026-08-12T11:49:22,061  INFO ControllerListenerManagerImpl:198 [it.5] all ControllerIterationStartsListeners called.
2026-08-12T11:49:22,061  INFO ControllerListenerManagerImpl:274 calling notifyReplanning on org.matsim.core.controler.corelisteners.PlansReplanningImpl with priority 0.0
2026-08-12T11:49:22,062  INFO GenericPlanStrategyImpl:135 Plan-Strategy finished, 91 plans handled. Strategy: BestPlanSelector
2026-08-12T11:49:22,062  INFO AbstractMultithreadedModule:142 [PlanRouter] starting 2 threads, handling 9 plans
2026-08-12T11:49:22,062  INFO Counter:71 [PlanRouter] handled plan # 1
2026-08-12T11:49:22,062  INFO Counter:71 [PlanRouter] handled plan # 4
2026-08-12T11:49:22,063  INFO AbstractMultithreadedModule:157 [PlanRouter] all 2 threads finished.
2026-08-12T11:49:22,063  INFO GenericPlanStrategyImpl:135 Plan-Strategy finished, 9 plans handled. Strategy: RandomPlanSelector_ReRoute
2026-08-12T11:49:22,063  INFO ControllerListenerManagerImpl:283 [it.5] all ControllerReplanningListeners called.
2026-08-12T11:49:22,063  INFO ControllerListenerManagerImpl:300 calling notifyBeforeMobsim on org.matsim.core.controler.corelisteners.EventsHandlingImpl with priority 0.0
2026-08-12T11:49:22,063  INFO EventsManagerImpl:169 resetting Event-Handlers
2026-08-12T11:49:22,063  INFO EventsManagerImpl:175   org.matsim.core.trafficmonitoring.TravelTimeCalculator
2026-08-12T11:49:22,063  INFO EventsManagerImpl:175   org.matsim.analysis.VolumesAnalyzer
2026-08-12T11:49:22,063  INFO EventsManagerImpl:175   org.matsim.core.scoring.ScoringFunctionsForPopulation
2026-08-12T11:49:22,063  INFO EventsManagerImpl:175   org.matsim.analysis.CalcLegTimes
2026-08-12T11:49:22,063  INFO EventsManagerImpl:175   org.matsim.analysis.LegHistogram
2026-08-12T11:49:22,063  INFO ControllerListenerManagerImpl:300 calling notifyBeforeMobsim on org.matsim.core.controler.corelisteners.PlansDumpingImpl with priority 0.0
2026-08-12T11:49:22,063  INFO ControllerListenerManagerImpl:306 calling notifyBeforeMobsim on org.matsim.core.population.VspPlansCleaner with priority 0.0
2026-08-12T11:49:22,063  INFO ControllerListenerManagerImpl:309 [it.5] all ControlerBeforeMobsimListeners called.
2026-08-12T11:49:22,063  INFO Counter:71 [PersonPrepareForSim] handled person # 1
2026-08-12T11:49:22,063  INFO Counter:71 [PersonPrepareForSim] handled person # 16
2026-08-12T11:49:22,063  INFO Counter:71 [PersonPrepareForSim] handled person # 4
2026-08-12T11:49:22,064  INFO Counter:71 [PersonPrepareForSim] handled person # 64
2026-08-12T11:49:22,064  INFO Counter:76 [PersonPrepareForSim] handled person # 100
2026-08-12T11:49:22,068  INFO MobsimListenerManager:50 calling addQueueSimulationListener
2026-08-12T11:49:22,068  INFO MobsimListenerManager:54   assigned class org.matsim.core.mobsim.framework.listeners.MobsimListener to interface org.matsim.core.mobsim.framework.listeners.MobsimListener
2026-08-12T11:49:22,068  INFO MobsimListenerManager:54   assigned class org.matsim.core.mobsim.framework.listeners.MobsimListener to interface org.matsim.core.mobsim.framework.listeners.MobsimAfterSimStepListener
2026-08-12T11:49:22,068  INFO MobsimListenerManager:54   assigned class org.matsim.core.mobsim.framework.listeners.MobsimListener to interface org.matsim.core.mobsim.framework.listeners.MobsimBeforeCleanupListener
2026-08-12T11:49:22,068  INFO MobsimListenerManager:54   assigned class org.matsim.core.mobsim.framework.listeners.MobsimListener to interface org.matsim.core.mobsim.framework.listeners.MobsimInitializedListener
2026-08-12T11:49:22,068  INFO MobsimListenerManager:54   assigned class org.matsim.core.mobsim.framework.listeners.MobsimListener to interface org.matsim.vis.snapshotwriters.SnapshotWriterManager
2026-08-12T11:49:22,068  INFO QSimProvider:131 Added MobsimEngine class org.matsim.core.mobsim.qsim.ActivityEngineDefaultImpl
2026-08-12T11:49:22,068  INFO QSimProvider:137 Added Activityhandler class org.matsim.core.mobsim.qsim.ActivityEngineDefaultImpl
2026-08-12T11:49:22,069  INFO QSimProvider:131 Added MobsimEngine class org.matsim.core.mobsim.qsim.qnetsimengine.QNetsimEngineWithThreadpool
2026-08-12T11:49:22,069  INFO QSimProvider:143 Added DepartureHandler class org.matsim.core.mobsim.qsim.qnetsimengine.NetworkModeDepartureHandlerDefaultImpl
2026-08-12T11:49:22,069  INFO QSimProvider:131 Added MobsimEngine class org.matsim.core.mobsim.qsim.DefaultTeleportationEngine
2026-08-12T11:49:22,069  INFO QSimProvider:143 Added DepartureHandler class org.matsim.core.mobsim.qsim.DefaultTeleportationEngine
2026-08-12T11:49:22,069  INFO QSimProvider:149 Added AgentSource class org.matsim.core.mobsim.qsim.agents.PopulationAgentSource
2026-08-12T11:49:22,069  INFO MobsimListenerManager:50 calling addQueueSimulationListener
2026-08-12T11:49:22,069  INFO MobsimListenerManager:54   assigned class org.matsim.core.mobsim.framework.listeners.MobsimListener to interface org.matsim.core.mobsim.qsim.messagequeueengine.MessageQueueEngine
2026-08-12T11:49:22,069  INFO MobsimListenerManager:54   assigned class org.matsim.core.mobsim.framework.listeners.MobsimListener to interface org.matsim.core.mobsim.framework.listeners.MobsimListener
2026-08-12T11:49:22,069  INFO MobsimListenerManager:54   assigned class org.matsim.core.mobsim.framework.listeners.MobsimListener to interface org.matsim.core.mobsim.framework.listeners.MobsimBeforeSimStepListener
2026-08-12T11:49:22,069  INFO QSimProvider:155 Added MobsimListener class org.matsim.core.mobsim.qsim.messagequeueengine.MessageQueueEngine
2026-08-12T11:49:22,070  INFO AbstractQNetsimEngine:427 Assigned 15 nodes and 23 links to QSimEngineRunner #0
2026-08-12T11:49:22,070  INFO AbstractQNetsimEngine:365 SIMULATION (QNetsimEngine) AT 05:58:30 : #links=0 #nodes=0
2026-08-12T11:49:22,070  INFO QSim:551 SIMULATION (NEW QSim) AT 05:58:30 : #active agents=100 lost=0 simT=0.0s realT=0s; (s/r): 0.0
2026-08-12T11:49:22,072  INFO AbstractQNetsimEngine:365 SIMULATION (QNetsimEngine) AT 06:00:00 : #links=0 #nodes=0
2026-08-12T11:49:22,072  INFO QSim:551 SIMULATION (NEW QSim) AT 06:00:00 : #active agents=100 lost=0 simT=90.0s realT=0s; (s/r): Infinity
2026-08-12T11:49:22,123  INFO AbstractQNetsimEngine:365 SIMULATION (QNetsimEngine) AT 07:00:00 : #links=0 #nodes=0
2026-08-12T11:49:22,123  INFO QSim:551 SIMULATION (NEW QSim) AT 07:00:00 : #active agents=100 lost=0 simT=3690.0s realT=0s; (s/r): Infinity
2026-08-12T11:49:22,174  INFO AbstractQNetsimEngine:365 SIMULATION (QNetsimEngine) AT 08:00:00 : #links=0 #nodes=0
2026-08-12T11:49:22,174  INFO QSim:551 SIMULATION (NEW QSim) AT 08:00:00 : #active agents=100 lost=0 simT=7290.0s realT=0s; (s/r): Infinity
2026-08-12T11:49:22,227  INFO AbstractQNetsimEngine:365 SIMULATION (QNetsimEngine) AT 09:00:00 : #links=0 #nodes=0
2026-08-12T11:49:22,227  INFO QSim:551 SIMULATION (NEW QSim) AT 09:00:00 : #active agents=100 lost=0 simT=10890.0s realT=0s; (s/r): Infinity
2026-08-12T11:49:22,277  INFO AbstractQNetsimEngine:365 SIMULATION (QNetsimEngine) AT 10:00:00 : #links=0 #nodes=0
2026-08-12T11:49:22,277  INFO QSim:551 SIMULATION (NEW QSim) AT 10:00:00 : #active agents=100 lost=0 simT=14490.0s realT=0s; (s/r): Infinity
2026-08-12T11:49:22,328  INFO AbstractQNetsimEngine:365 SIMULATION (QNetsimEngine) AT 11:00:00 : #links=0 #nodes=0
2026-08-12T11:49:22,328  INFO QSim:551 SIMULATION (NEW QSim) AT 11:00:00 : #active agents=100 lost=0 simT=18090.0s realT=0s; (s/r): Infinity
2026-08-12T11:49:22,379  INFO AbstractQNetsimEngine:365 SIMULATION (QNetsimEngine) AT 12:00:00 : #links=0 #nodes=0
2026-08-12T11:49:22,379  INFO QSim:551 SIMULATION (NEW QSim) AT 12:00:00 : #active agents=100 lost=0 simT=21690.0s realT=0s; (s/r): Infinity
2026-08-12T11:49:22,430  INFO AbstractQNetsimEngine:365 SIMULATION (QNetsimEngine) AT 13:00:00 : #links=0 #nodes=0
2026-08-12T11:49:22,430  INFO QSim:551 SIMULATION (NEW QSim) AT 13:00:00 : #active agents=100 lost=0 simT=25290.0s realT=0s; (s/r): Infinity
2026-08-12T11:49:22,483  INFO AbstractQNetsimEngine:365 SIMULATION (QNetsimEngine) AT 14:00:00 : #links=0 #nodes=0
2026-08-12T11:49:22,483  INFO QSim:551 SIMULATION (NEW QSim) AT 14:00:00 : #active agents=100 lost=0 simT=28890.0s realT=0s; (s/r): Infinity
2026-08-12T11:49:22,534  INFO AbstractQNetsimEngine:365 SIMULATION (QNetsimEngine) AT 15:00:00 : #links=0 #nodes=0
2026-08-12T11:49:22,534  INFO QSim:551 SIMULATION (NEW QSim) AT 15:00:00 : #active agents=100 lost=0 simT=32490.0s realT=0s; (s/r): Infinity
2026-08-12T11:49:22,583  INFO AbstractQNetsimEngine:365 SIMULATION (QNetsimEngine) AT 16:00:00 : #links=0 #nodes=0
2026-08-12T11:49:22,583  INFO QSim:551 SIMULATION (NEW QSim) AT 16:00:00 : #active agents=100 lost=0 simT=36090.0s realT=0s; (s/r): Infinity
2026-08-12T11:49:22,636  INFO AbstractQNetsimEngine:365 SIMULATION (QNetsimEngine) AT 17:00:00 : #links=0 #nodes=0
2026-08-12T11:49:22,636  INFO QSim:551 SIMULATION (NEW QSim) AT 17:00:00 : #active agents=5 lost=0 simT=39690.0s realT=0s; (s/r): Infinity
2026-08-12T11:49:22,686  INFO AbstractQNetsimEngine:365 SIMULATION (QNetsimEngine) AT 18:00:00 : #links=0 #nodes=0
2026-08-12T11:49:22,686  INFO QSim:551 SIMULATION (NEW QSim) AT 18:00:00 : #active agents=4 lost=0 simT=43290.0s realT=0s; (s/r): Infinity
2026-08-12T11:49:22,736  INFO AbstractQNetsimEngine:365 SIMULATION (QNetsimEngine) AT 19:00:00 : #links=0 #nodes=0
2026-08-12T11:49:22,736  INFO QSim:551 SIMULATION (NEW QSim) AT 19:00:00 : #active agents=2 lost=0 simT=46890.0s realT=0s; (s/r): Infinity
2026-08-12T11:49:22,786  INFO AbstractQNetsimEngine:365 SIMULATION (QNetsimEngine) AT 20:00:00 : #links=0 #nodes=0
2026-08-12T11:49:22,786  INFO QSim:551 SIMULATION (NEW QSim) AT 20:00:00 : #active agents=2 lost=0 simT=50490.0s realT=0s; (s/r): Infinity
2026-08-12T11:49:22,837  INFO AbstractQNetsimEngine:365 SIMULATION (QNetsimEngine) AT 21:00:00 : #links=1 #nodes=0
2026-08-12T11:49:22,837  INFO QSim:551 SIMULATION (NEW QSim) AT 21:00:00 : #active agents=2 lost=0 simT=54090.0s realT=0s; (s/r): Infinity
2026-08-12T11:49:22,887  INFO AbstractQNetsimEngine:365 SIMULATION (QNetsimEngine) AT 22:00:00 : #links=0 #nodes=0
2026-08-12T11:49:22,887  INFO QSim:551 SIMULATION (NEW QSim) AT 22:00:00 : #active agents=2 lost=0 simT=57690.0s realT=0s; (s/r): Infinity
2026-08-12T11:49:22,937  INFO AbstractQNetsimEngine:365 SIMULATION (QNetsimEngine) AT 23:00:00 : #links=0 #nodes=0
2026-08-12T11:49:22,937  INFO QSim:551 SIMULATION (NEW QSim) AT 23:00:00 : #active agents=1 lost=0 simT=61290.0s realT=0s; (s/r): Infinity
2026-08-12T11:49:22,973  INFO AbstractController$9:237 ### ITERATION 5 fires after mobsim event
2026-08-12T11:49:22,973  INFO Gbl:196 Thread performance: Thread=class org.matsim.core.events.SimStepParallelEventsManagerImpl$ProcessEventsRunnable0  cpu-time=0.160511sec
2026-08-12T11:49:22,973  INFO ControllerListenerManagerImpl:331 calling notifyAfterMobsim on org.matsim.analysis.LegTimesControllerListener with priority 0.0
2026-08-12T11:49:22,973  INFO LegTimesControllerListener:73 [5] average leg duration is: 5748 seconds = 01:35:48
2026-08-12T11:49:22,973  INFO ControllerListenerManagerImpl:331 calling notifyAfterMobsim on org.matsim.core.events.MobsimScopeEventHandling with priority 0.0
2026-08-12T11:49:22,973  INFO ControllerListenerManagerImpl:331 calling notifyAfterMobsim on org.matsim.core.scoring.EventsToActivities$1 with priority 0.0
2026-08-12T11:49:22,973  INFO ControllerListenerManagerImpl:334 [it.5] all ControllerAfterMobsimListeners called.
2026-08-12T11:49:22,974  INFO AbstractController$4:162 ### ITERATION 5 fires scoring event
2026-08-12T11:49:22,974  INFO ControllerListenerManagerImpl:245 calling notifyScoring on org.matsim.core.scoring.PlansScoringImpl with priority 0.0
2026-08-12T11:49:22,974  INFO ControllerListenerManagerImpl:257 [it.5] all ControllerScoringListeners called.
2026-08-12T11:49:22,974  INFO AbstractController$5:170 ### ITERATION 5 fires iteration end event
2026-08-12T11:49:22,974  INFO ControllerListenerManagerImpl:216 calling notifyIterationEnds on org.matsim.core.controler.corelisteners.EventsHandlingImpl with priority 0.0
2026-08-12T11:49:22,974  INFO ControllerListenerManagerImpl:216 calling notifyIterationEnds on org.matsim.core.scoring.PlansScoringImpl with priority 0.0
2026-08-12T11:49:22,974  INFO ControllerListenerManagerImpl:224 calling notifyIterationEnds on org.matsim.counts.CountsControllerListener with priority 0.0
2026-08-12T11:49:22,974  INFO ControllerListenerManagerImpl:224 calling notifyIterationEnds on org.matsim.analysis.ModeChoiceCoverageControllerListener with priority 0.0
2026-08-12T11:49:22,974  INFO ModeChoiceCoverageControllerListener:144 -- mode choice coverage (1x) of mode car = 1.0
2026-08-12T11:49:22,974  INFO ModeChoiceCoverageControllerListener:144 -- mode choice coverage (5x) of mode car = 1.0
2026-08-12T11:49:22,974  INFO ModeChoiceCoverageControllerListener:144 -- mode choice coverage (10x) of mode car = 0.0
2026-08-12T11:49:23,015  INFO ControllerListenerManagerImpl:224 calling notifyIterationEnds on org.matsim.analysis.ModeStatsControllerListener with priority 0.0
2026-08-12T11:49:23,015  INFO ModeStatsControllerListener:132 Mode shares over all 201.0 trips found. MainModeIdentifier: class org.matsim.core.router.DefaultAnalysisMainModeIdentifier
2026-08-12T11:49:23,015  INFO ModeStatsControllerListener:139 -- mode share of mode car = 1.0
2026-08-12T11:49:23,042  INFO ControllerListenerManagerImpl:224 calling notifyIterationEnds on org.matsim.analysis.ScoreStatsControlerListener with priority 0.0
2026-08-12T11:49:23,042  INFO ScoreStatsControlerListener:154 -- avg. score of the executed plan of each agent: -14.656016698644853
2026-08-12T11:49:23,042  INFO ScoreStatsControlerListener:155 -- avg. score of the worst plan of each agent: -14.84420577522793
2026-08-12T11:49:23,042  INFO ScoreStatsControlerListener:156 -- avg. of the avg. plan score per agent: -14.742269118904032
2026-08-12T11:49:23,042  INFO ScoreStatsControlerListener:157 -- avg. score of the best plan of each agent: -14.655303143770704
2026-08-12T11:49:23,055  INFO ControllerListenerManagerImpl:224 calling notifyIterationEnds on org.matsim.analysis.IterationTravelStatsControllerListener with priority 0.0
2026-08-12T11:49:23,056  INFO TravelDistanceStats:113 -- average leg distance per plan (executed plans only): 19258.70646766169 meters
2026-08-12T11:49:23,056  INFO TravelDistanceStats:114 average leg distance per Person (executed plans only): 116130.0 meters (statistic on all 603 legs which have a finite distance)
2026-08-12T11:49:23,056  INFO TravelDistanceStats:115 -- average trip distance per plan (executed plans only): 57776.119402985074 meters
2026-08-12T11:49:23,056  INFO TravelDistanceStats:116 average trip distance per Person (executed plans only): 116130.0 meters (statistic on all 201 trips which have a finite distance)
2026-08-12T11:49:23,056  INFO TravelDistanceStats:117 (TravelDistanceStats takes an average over all legs where the simulation reports travelled (network) distances
2026-08-12T11:49:23,056  INFO TravelDistanceStats:118 (and teleported legs whose route contains a distance.)
2026-08-12T11:49:23,087  INFO ControllerListenerManagerImpl:224 calling notifyIterationEnds on org.matsim.analysis.LegTimesControllerListener with priority 0.0
2026-08-12T11:49:23,087  INFO EventsManagerImpl:160 removing Event-Handler: org.matsim.analysis.CalcLegTimes
2026-08-12T11:49:23,087  INFO EventsManagerImpl:160 removing Event-Handler: org.matsim.analysis.CalcLegTimes
2026-08-12T11:49:23,087  INFO ControllerListenerManagerImpl:224 calling notifyIterationEnds on org.matsim.analysis.LegHistogramListener with priority 0.0
2026-08-12T11:49:23,088  INFO LegHistogramListener:79 number of legs:	603	100%
2026-08-12T11:49:23,088  INFO LegHistogramListener:86 number of car legs:	201	33.333333333333336%
2026-08-12T11:49:23,088  INFO LegHistogramListener:86 number of walk legs:	402	66.66666666666667%
2026-08-12T11:49:23,146  INFO EventsManagerImpl:160 removing Event-Handler: org.matsim.analysis.LegHistogram
2026-08-12T11:49:23,146  INFO EventsManagerImpl:160 removing Event-Handler: org.matsim.analysis.LegHistogram
2026-08-12T11:49:23,146  INFO ControllerListenerManagerImpl:224 calling notifyIterationEnds on org.matsim.analysis.LinkStatsControllerListener with priority 0.0
2026-08-12T11:49:23,146  INFO ControllerListenerManagerImpl:228 [it.5] all ControllerIterationEndsListeners called.
2026-08-12T11:49:23,167  INFO AbstractController:184 ### ITERATION 5 ENDS
2026-08-12T11:49:23,167  INFO AbstractController:185 ###################################################
2026-08-12T11:49:23,167  INFO AbstractController:136 ###################################################
2026-08-12T11:49:23,167  INFO AbstractController:137 ### ITERATION 6 BEGINS
2026-08-12T11:49:23,167  INFO ControllerListenerManagerImpl:195 calling notifyIterationStarts on org.matsim.analysis.LegTimesControllerListener with priority 0.0
2026-08-12T11:49:23,167  INFO EventsManagerImpl:135 === Logging of event-handlers skipped ===
2026-08-12T11:49:23,167  INFO EventsManagerImpl:136 To enable debug output, set an environment variable i.e. export LOG_LEVEL='debug', or use Configurator...Level.DEBUG) in your run class.
2026-08-12T11:49:23,167  INFO EventsManagerImpl:205     > org.matsim.api.core.v01.events.PersonDepartureEvent
2026-08-12T11:49:23,167  INFO EventsManagerImpl:205     > org.matsim.api.core.v01.events.PersonArrivalEvent
2026-08-12T11:49:23,167  INFO EventsManagerImpl:205     > org.matsim.api.core.v01.events.ActivityEndEvent
2026-08-12T11:49:23,167  INFO EventsManagerImpl:205     > org.matsim.api.core.v01.events.ActivityStartEvent
2026-08-12T11:49:23,167  INFO EventsManagerImpl:135 === Logging of event-handlers skipped ===
2026-08-12T11:49:23,167  INFO EventsManagerImpl:136 To enable debug output, set an environment variable i.e. export LOG_LEVEL='debug', or use Configurator...Level.DEBUG) in your run class.
2026-08-12T11:49:23,167  INFO EventsManagerImpl:205     > org.matsim.api.core.v01.events.PersonDepartureEvent
2026-08-12T11:49:23,167  INFO EventsManagerImpl:205     > org.matsim.api.core.v01.events.PersonArrivalEvent
2026-08-12T11:49:23,167  INFO EventsManagerImpl:205     > org.matsim.api.core.v01.events.ActivityEndEvent
2026-08-12T11:49:23,167  INFO EventsManagerImpl:205     > org.matsim.api.core.v01.events.ActivityStartEvent
2026-08-12T11:49:23,167  INFO ControllerListenerManagerImpl:195 calling notifyIterationStarts on org.matsim.analysis.LegHistogramListener with priority 0.0
2026-08-12T11:49:23,167  INFO EventsManagerImpl:135 === Logging of event-handlers skipped ===
2026-08-12T11:49:23,167  INFO EventsManagerImpl:136 To enable debug output, set an environment variable i.e. export LOG_LEVEL='debug', or use Configurator...Level.DEBUG) in your run class.
2026-08-12T11:49:23,167  INFO EventsManagerImpl:205     > org.matsim.api.core.v01.events.PersonDepartureEvent
2026-08-12T11:49:23,167  INFO EventsManagerImpl:205     > org.matsim.api.core.v01.events.PersonArrivalEvent
2026-08-12T11:49:23,167  INFO EventsManagerImpl:205     > org.matsim.api.core.v01.events.PersonStuckEvent
2026-08-12T11:49:23,167  INFO EventsManagerImpl:135 === Logging of event-handlers skipped ===
2026-08-12T11:49:23,167  INFO EventsManagerImpl:136 To enable debug output, set an environment variable i.e. export LOG_LEVEL='debug', or use Configurator...Level.DEBUG) in your run class.
2026-08-12T11:49:23,167  INFO EventsManagerImpl:205     > org.matsim.api.core.v01.events.PersonDepartureEvent
2026-08-12T11:49:23,167  INFO EventsManagerImpl:205     > org.matsim.api.core.v01.events.PersonArrivalEvent
2026-08-12T11:49:23,167  INFO EventsManagerImpl:205     > org.matsim.api.core.v01.events.PersonStuckEvent
2026-08-12T11:49:23,167  INFO ControllerListenerManagerImpl:195 calling notifyIterationStarts on org.matsim.analysis.LinkStatsControllerListener with priority 0.0
2026-08-12T11:49:23,167  INFO ControllerListenerManagerImpl:195 calling notifyIterationStarts on org.matsim.core.replanning.ReplanningContextImpl with priority 0.0
2026-08-12T11:49:23,167  INFO ControllerListenerManagerImpl:195 calling notifyIterationStarts on org.matsim.core.scoring.ScoringFunctionsForPopulation$$Lambda/0x00001e0001314a18 with priority 0.0
2026-08-12T11:49:23,168  INFO ControllerListenerManagerImpl:195 calling notifyIterationStarts on org.matsim.core.scoring.ExperiencedPlansServiceImpl with priority 0.0
2026-08-12T11:49:23,168  INFO ControllerListenerManagerImpl:198 [it.6] all ControllerIterationStartsListeners called.
2026-08-12T11:49:23,168  INFO ControllerListenerManagerImpl:274 calling notifyReplanning on org.matsim.core.controler.corelisteners.PlansReplanningImpl with priority 0.0
2026-08-12T11:49:23,168  INFO GenericPlanStrategyImpl:135 Plan-Strategy finished, 94 plans handled. Strategy: BestPlanSelector
2026-08-12T11:49:23,168  INFO AbstractMultithreadedModule:142 [PlanRouter] starting 2 threads, handling 6 plans
2026-08-12T11:49:23,168  INFO Counter:71 [PlanRouter] handled plan # 1
2026-08-12T11:49:23,169  INFO Counter:71 [PlanRouter] handled plan # 4
2026-08-12T11:49:23,169  INFO AbstractMultithreadedModule:157 [PlanRouter] all 2 threads finished.
2026-08-12T11:49:23,169  INFO GenericPlanStrategyImpl:135 Plan-Strategy finished, 6 plans handled. Strategy: RandomPlanSelector_ReRoute
2026-08-12T11:49:23,169  INFO ControllerListenerManagerImpl:283 [it.6] all ControllerReplanningListeners called.
2026-08-12T11:49:23,169  INFO ControllerListenerManagerImpl:300 calling notifyBeforeMobsim on org.matsim.core.controler.corelisteners.EventsHandlingImpl with priority 0.0
2026-08-12T11:49:23,169  INFO EventsManagerImpl:169 resetting Event-Handlers
2026-08-12T11:49:23,169  INFO EventsManagerImpl:175   org.matsim.core.trafficmonitoring.TravelTimeCalculator
2026-08-12T11:49:23,169  INFO EventsManagerImpl:175   org.matsim.analysis.VolumesAnalyzer
2026-08-12T11:49:23,169  INFO EventsManagerImpl:175   org.matsim.core.scoring.ScoringFunctionsForPopulation
2026-08-12T11:49:23,169  INFO EventsManagerImpl:175   org.matsim.analysis.CalcLegTimes
2026-08-12T11:49:23,169  INFO EventsManagerImpl:175   org.matsim.analysis.LegHistogram
2026-08-12T11:49:23,169  INFO ControllerListenerManagerImpl:300 calling notifyBeforeMobsim on org.matsim.core.controler.corelisteners.PlansDumpingImpl with priority 0.0
2026-08-12T11:49:23,169  INFO ControllerListenerManagerImpl:306 calling notifyBeforeMobsim on org.matsim.core.population.VspPlansCleaner with priority 0.0
2026-08-12T11:49:23,169  INFO ControllerListenerManagerImpl:309 [it.6] all ControlerBeforeMobsimListeners called.
2026-08-12T11:49:23,169  INFO Counter:71 [PersonPrepareForSim] handled person # 4
2026-08-12T11:49:23,169  INFO Counter:71 [PersonPrepareForSim] handled person # 1
2026-08-12T11:49:23,169  INFO Counter:71 [PersonPrepareForSim] handled person # 16
2026-08-12T11:49:23,169  INFO Counter:71 [PersonPrepareForSim] handled person # 64
2026-08-12T11:49:23,170  INFO Counter:76 [PersonPrepareForSim] handled person # 100
2026-08-12T11:49:23,173  INFO MobsimListenerManager:50 calling addQueueSimulationListener
2026-08-12T11:49:23,173  INFO MobsimListenerManager:54   assigned class org.matsim.core.mobsim.framework.listeners.MobsimListener to interface org.matsim.core.mobsim.framework.listeners.MobsimListener
2026-08-12T11:49:23,173  INFO MobsimListenerManager:54   assigned class org.matsim.core.mobsim.framework.listeners.MobsimListener to interface org.matsim.core.mobsim.framework.listeners.MobsimAfterSimStepListener
2026-08-12T11:49:23,173  INFO MobsimListenerManager:54   assigned class org.matsim.core.mobsim.framework.listeners.MobsimListener to interface org.matsim.core.mobsim.framework.listeners.MobsimBeforeCleanupListener
2026-08-12T11:49:23,173  INFO MobsimListenerManager:54   assigned class org.matsim.core.mobsim.framework.listeners.MobsimListener to interface org.matsim.core.mobsim.framework.listeners.MobsimInitializedListener
2026-08-12T11:49:23,173  INFO MobsimListenerManager:54   assigned class org.matsim.core.mobsim.framework.listeners.MobsimListener to interface org.matsim.vis.snapshotwriters.SnapshotWriterManager
2026-08-12T11:49:23,174  INFO QSimProvider:131 Added MobsimEngine class org.matsim.core.mobsim.qsim.ActivityEngineDefaultImpl
2026-08-12T11:49:23,174  INFO QSimProvider:137 Added Activityhandler class org.matsim.core.mobsim.qsim.ActivityEngineDefaultImpl
2026-08-12T11:49:23,174  INFO QSimProvider:131 Added MobsimEngine class org.matsim.core.mobsim.qsim.qnetsimengine.QNetsimEngineWithThreadpool
2026-08-12T11:49:23,174  INFO QSimProvider:143 Added DepartureHandler class org.matsim.core.mobsim.qsim.qnetsimengine.NetworkModeDepartureHandlerDefaultImpl
2026-08-12T11:49:23,174  INFO QSimProvider:131 Added MobsimEngine class org.matsim.core.mobsim.qsim.DefaultTeleportationEngine
2026-08-12T11:49:23,174  INFO QSimProvider:143 Added DepartureHandler class org.matsim.core.mobsim.qsim.DefaultTeleportationEngine
2026-08-12T11:49:23,174  INFO QSimProvider:149 Added AgentSource class org.matsim.core.mobsim.qsim.agents.PopulationAgentSource
2026-08-12T11:49:23,174  INFO MobsimListenerManager:50 calling addQueueSimulationListener
2026-08-12T11:49:23,174  INFO MobsimListenerManager:54   assigned class org.matsim.core.mobsim.framework.listeners.MobsimListener to interface org.matsim.core.mobsim.qsim.messagequeueengine.MessageQueueEngine
2026-08-12T11:49:23,174  INFO MobsimListenerManager:54   assigned class org.matsim.core.mobsim.framework.listeners.MobsimListener to interface org.matsim.core.mobsim.framework.listeners.MobsimListener
2026-08-12T11:49:23,174  INFO MobsimListenerManager:54   assigned class org.matsim.core.mobsim.framework.listeners.MobsimListener to interface org.matsim.core.mobsim.framework.listeners.MobsimBeforeSimStepListener
2026-08-12T11:49:23,174  INFO QSimProvider:155 Added MobsimListener class org.matsim.core.mobsim.qsim.messagequeueengine.MessageQueueEngine
2026-08-12T11:49:23,175  INFO AbstractQNetsimEngine:427 Assigned 15 nodes and 23 links to QSimEngineRunner #0
2026-08-12T11:49:23,175  INFO AbstractQNetsimEngine:365 SIMULATION (QNetsimEngine) AT 05:58:30 : #links=0 #nodes=0
2026-08-12T11:49:23,175  INFO QSim:551 SIMULATION (NEW QSim) AT 05:58:30 : #active agents=100 lost=0 simT=0.0s realT=0s; (s/r): 0.0
2026-08-12T11:49:23,177  INFO AbstractQNetsimEngine:365 SIMULATION (QNetsimEngine) AT 06:00:00 : #links=0 #nodes=0
2026-08-12T11:49:23,177  INFO QSim:551 SIMULATION (NEW QSim) AT 06:00:00 : #active agents=100 lost=0 simT=90.0s realT=0s; (s/r): Infinity
2026-08-12T11:49:23,229  INFO AbstractQNetsimEngine:365 SIMULATION (QNetsimEngine) AT 07:00:00 : #links=0 #nodes=0
2026-08-12T11:49:23,229  INFO QSim:551 SIMULATION (NEW QSim) AT 07:00:00 : #active agents=100 lost=0 simT=3690.0s realT=0s; (s/r): Infinity
2026-08-12T11:49:23,279  INFO AbstractQNetsimEngine:365 SIMULATION (QNetsimEngine) AT 08:00:00 : #links=0 #nodes=0
2026-08-12T11:49:23,279  INFO QSim:551 SIMULATION (NEW QSim) AT 08:00:00 : #active agents=100 lost=0 simT=7290.0s realT=0s; (s/r): Infinity
2026-08-12T11:49:23,331  INFO AbstractQNetsimEngine:365 SIMULATION (QNetsimEngine) AT 09:00:00 : #links=0 #nodes=0
2026-08-12T11:49:23,331  INFO QSim:551 SIMULATION (NEW QSim) AT 09:00:00 : #active agents=100 lost=0 simT=10890.0s realT=0s; (s/r): Infinity
2026-08-12T11:49:23,382  INFO AbstractQNetsimEngine:365 SIMULATION (QNetsimEngine) AT 10:00:00 : #links=0 #nodes=0
2026-08-12T11:49:23,382  INFO QSim:551 SIMULATION (NEW QSim) AT 10:00:00 : #active agents=100 lost=0 simT=14490.0s realT=0s; (s/r): Infinity
2026-08-12T11:49:23,433  INFO AbstractQNetsimEngine:365 SIMULATION (QNetsimEngine) AT 11:00:00 : #links=0 #nodes=0
2026-08-12T11:49:23,433  INFO QSim:551 SIMULATION (NEW QSim) AT 11:00:00 : #active agents=100 lost=0 simT=18090.0s realT=0s; (s/r): Infinity
2026-08-12T11:49:23,483  INFO AbstractQNetsimEngine:365 SIMULATION (QNetsimEngine) AT 12:00:00 : #links=0 #nodes=0
2026-08-12T11:49:23,483  INFO QSim:551 SIMULATION (NEW QSim) AT 12:00:00 : #active agents=100 lost=0 simT=21690.0s realT=0s; (s/r): Infinity
2026-08-12T11:49:23,533  INFO AbstractQNetsimEngine:365 SIMULATION (QNetsimEngine) AT 13:00:00 : #links=0 #nodes=0
2026-08-12T11:49:23,533  INFO QSim:551 SIMULATION (NEW QSim) AT 13:00:00 : #active agents=100 lost=0 simT=25290.0s realT=0s; (s/r): Infinity
2026-08-12T11:49:23,585  INFO AbstractQNetsimEngine:365 SIMULATION (QNetsimEngine) AT 14:00:00 : #links=0 #nodes=0
2026-08-12T11:49:23,585  INFO QSim:551 SIMULATION (NEW QSim) AT 14:00:00 : #active agents=100 lost=0 simT=28890.0s realT=0s; (s/r): Infinity
2026-08-12T11:49:23,635  INFO AbstractQNetsimEngine:365 SIMULATION (QNetsimEngine) AT 15:00:00 : #links=0 #nodes=0
2026-08-12T11:49:23,635  INFO QSim:551 SIMULATION (NEW QSim) AT 15:00:00 : #active agents=100 lost=0 simT=32490.0s realT=0s; (s/r): Infinity
2026-08-12T11:49:23,685  INFO AbstractQNetsimEngine:365 SIMULATION (QNetsimEngine) AT 16:00:00 : #links=0 #nodes=0
2026-08-12T11:49:23,685  INFO QSim:551 SIMULATION (NEW QSim) AT 16:00:00 : #active agents=100 lost=0 simT=36090.0s realT=0s; (s/r): Infinity
2026-08-12T11:49:23,737  INFO AbstractQNetsimEngine:365 SIMULATION (QNetsimEngine) AT 17:00:00 : #links=0 #nodes=0
2026-08-12T11:49:23,737  INFO QSim:551 SIMULATION (NEW QSim) AT 17:00:00 : #active agents=5 lost=0 simT=39690.0s realT=0s; (s/r): Infinity
2026-08-12T11:49:23,786  INFO AbstractQNetsimEngine:365 SIMULATION (QNetsimEngine) AT 18:00:00 : #links=0 #nodes=0
2026-08-12T11:49:23,786  INFO QSim:551 SIMULATION (NEW QSim) AT 18:00:00 : #active agents=4 lost=0 simT=43290.0s realT=0s; (s/r): Infinity
2026-08-12T11:49:23,837  INFO AbstractQNetsimEngine:365 SIMULATION (QNetsimEngine) AT 19:00:00 : #links=0 #nodes=0
2026-08-12T11:49:23,837  INFO QSim:551 SIMULATION (NEW QSim) AT 19:00:00 : #active agents=2 lost=0 simT=46890.0s realT=0s; (s/r): Infinity
2026-08-12T11:49:23,886  INFO AbstractQNetsimEngine:365 SIMULATION (QNetsimEngine) AT 20:00:00 : #links=0 #nodes=0
2026-08-12T11:49:23,886  INFO QSim:551 SIMULATION (NEW QSim) AT 20:00:00 : #active agents=2 lost=0 simT=50490.0s realT=0s; (s/r): Infinity
2026-08-12T11:49:23,934  INFO AbstractQNetsimEngine:365 SIMULATION (QNetsimEngine) AT 21:00:00 : #links=1 #nodes=0
2026-08-12T11:49:23,934  INFO QSim:551 SIMULATION (NEW QSim) AT 21:00:00 : #active agents=2 lost=0 simT=54090.0s realT=0s; (s/r): Infinity
2026-08-12T11:49:23,984  INFO AbstractQNetsimEngine:365 SIMULATION (QNetsimEngine) AT 22:00:00 : #links=0 #nodes=0
2026-08-12T11:49:23,984  INFO QSim:551 SIMULATION (NEW QSim) AT 22:00:00 : #active agents=2 lost=0 simT=57690.0s realT=0s; (s/r): Infinity
2026-08-12T11:49:24,036  INFO AbstractQNetsimEngine:365 SIMULATION (QNetsimEngine) AT 23:00:00 : #links=0 #nodes=0
2026-08-12T11:49:24,036  INFO QSim:551 SIMULATION (NEW QSim) AT 23:00:00 : #active agents=1 lost=0 simT=61290.0s realT=0s; (s/r): Infinity
2026-08-12T11:49:24,065  INFO AbstractController$9:237 ### ITERATION 6 fires after mobsim event
2026-08-12T11:49:24,065  INFO Gbl:196 Thread performance: Thread=class org.matsim.core.events.SimStepParallelEventsManagerImpl$ProcessEventsRunnable0  cpu-time=0.157631sec
2026-08-12T11:49:24,065  INFO ControllerListenerManagerImpl:331 calling notifyAfterMobsim on org.matsim.analysis.LegTimesControllerListener with priority 0.0
2026-08-12T11:49:24,065  INFO LegTimesControllerListener:73 [6] average leg duration is: 5746 seconds = 01:35:46
2026-08-12T11:49:24,065  INFO ControllerListenerManagerImpl:331 calling notifyAfterMobsim on org.matsim.core.events.MobsimScopeEventHandling with priority 0.0
2026-08-12T11:49:24,066  INFO ControllerListenerManagerImpl:331 calling notifyAfterMobsim on org.matsim.core.scoring.EventsToActivities$1 with priority 0.0
2026-08-12T11:49:24,066  INFO ControllerListenerManagerImpl:334 [it.6] all ControllerAfterMobsimListeners called.
2026-08-12T11:49:24,066  INFO AbstractController$4:162 ### ITERATION 6 fires scoring event
2026-08-12T11:49:24,066  INFO ControllerListenerManagerImpl:245 calling notifyScoring on org.matsim.core.scoring.PlansScoringImpl with priority 0.0
2026-08-12T11:49:24,066  INFO ControllerListenerManagerImpl:257 [it.6] all ControllerScoringListeners called.
2026-08-12T11:49:24,066  INFO AbstractController$5:170 ### ITERATION 6 fires iteration end event
2026-08-12T11:49:24,066  INFO ControllerListenerManagerImpl:216 calling notifyIterationEnds on org.matsim.core.controler.corelisteners.EventsHandlingImpl with priority 0.0
2026-08-12T11:49:24,066  INFO ControllerListenerManagerImpl:216 calling notifyIterationEnds on org.matsim.core.scoring.PlansScoringImpl with priority 0.0
2026-08-12T11:49:24,066  INFO ControllerListenerManagerImpl:224 calling notifyIterationEnds on org.matsim.counts.CountsControllerListener with priority 0.0
2026-08-12T11:49:24,066  INFO ControllerListenerManagerImpl:224 calling notifyIterationEnds on org.matsim.analysis.ModeChoiceCoverageControllerListener with priority 0.0
2026-08-12T11:49:24,066  INFO ModeChoiceCoverageControllerListener:144 -- mode choice coverage (1x) of mode car = 1.0
2026-08-12T11:49:24,066  INFO ModeChoiceCoverageControllerListener:144 -- mode choice coverage (5x) of mode car = 1.0
2026-08-12T11:49:24,066  INFO ModeChoiceCoverageControllerListener:144 -- mode choice coverage (10x) of mode car = 0.0
2026-08-12T11:49:24,105  INFO ControllerListenerManagerImpl:224 calling notifyIterationEnds on org.matsim.analysis.ModeStatsControllerListener with priority 0.0
2026-08-12T11:49:24,105  INFO ModeStatsControllerListener:132 Mode shares over all 201.0 trips found. MainModeIdentifier: class org.matsim.core.router.DefaultAnalysisMainModeIdentifier
2026-08-12T11:49:24,105  INFO ModeStatsControllerListener:139 -- mode share of mode car = 1.0
2026-08-12T11:49:24,130  INFO ControllerListenerManagerImpl:224 calling notifyIterationEnds on org.matsim.analysis.ScoreStatsControlerListener with priority 0.0
2026-08-12T11:49:24,130  INFO ScoreStatsControlerListener:154 -- avg. score of the executed plan of each agent: -14.625433402596503
2026-08-12T11:49:24,130  INFO ScoreStatsControlerListener:155 -- avg. score of the worst plan of each agent: -14.828025557685267
2026-08-12T11:49:24,130  INFO ScoreStatsControlerListener:156 -- avg. of the avg. plan score per agent: -14.718804201243223
2026-08-12T11:49:24,130  INFO ScoreStatsControlerListener:157 -- avg. score of the best plan of each agent: -14.625433402596503
2026-08-12T11:49:24,143  INFO ControllerListenerManagerImpl:224 calling notifyIterationEnds on org.matsim.analysis.IterationTravelStatsControllerListener with priority 0.0
2026-08-12T11:49:24,144  INFO TravelDistanceStats:113 -- average leg distance per plan (executed plans only): 19258.70646766169 meters
2026-08-12T11:49:24,145  INFO TravelDistanceStats:114 average leg distance per Person (executed plans only): 116130.0 meters (statistic on all 603 legs which have a finite distance)
2026-08-12T11:49:24,145  INFO TravelDistanceStats:115 -- average trip distance per plan (executed plans only): 57776.119402985074 meters
2026-08-12T11:49:24,145  INFO TravelDistanceStats:116 average trip distance per Person (executed plans only): 116130.0 meters (statistic on all 201 trips which have a finite distance)
2026-08-12T11:49:24,145  INFO TravelDistanceStats:117 (TravelDistanceStats takes an average over all legs where the simulation reports travelled (network) distances
2026-08-12T11:49:24,145  INFO TravelDistanceStats:118 (and teleported legs whose route contains a distance.)
2026-08-12T11:49:24,174  INFO ControllerListenerManagerImpl:224 calling notifyIterationEnds on org.matsim.analysis.LegTimesControllerListener with priority 0.0
2026-08-12T11:49:24,174  INFO EventsManagerImpl:160 removing Event-Handler: org.matsim.analysis.CalcLegTimes
2026-08-12T11:49:24,174  INFO EventsManagerImpl:160 removing Event-Handler: org.matsim.analysis.CalcLegTimes
2026-08-12T11:49:24,174  INFO ControllerListenerManagerImpl:224 calling notifyIterationEnds on org.matsim.analysis.LegHistogramListener with priority 0.0
2026-08-12T11:49:24,175  INFO LegHistogramListener:79 number of legs:	603	100%
2026-08-12T11:49:24,175  INFO LegHistogramListener:86 number of car legs:	201	33.333333333333336%
2026-08-12T11:49:24,175  INFO LegHistogramListener:86 number of walk legs:	402	66.66666666666667%
2026-08-12T11:49:24,231  INFO EventsManagerImpl:160 removing Event-Handler: org.matsim.analysis.LegHistogram
2026-08-12T11:49:24,231  INFO EventsManagerImpl:160 removing Event-Handler: org.matsim.analysis.LegHistogram
2026-08-12T11:49:24,231  INFO ControllerListenerManagerImpl:224 calling notifyIterationEnds on org.matsim.analysis.LinkStatsControllerListener with priority 0.0
2026-08-12T11:49:24,231  INFO ControllerListenerManagerImpl:228 [it.6] all ControllerIterationEndsListeners called.
2026-08-12T11:49:24,252  INFO AbstractController:184 ### ITERATION 6 ENDS
2026-08-12T11:49:24,252  INFO AbstractController:185 ###################################################
2026-08-12T11:49:24,252  INFO AbstractController:136 ###################################################
2026-08-12T11:49:24,252  INFO AbstractController:137 ### ITERATION 7 BEGINS
2026-08-12T11:49:24,252  INFO ControllerListenerManagerImpl:195 calling notifyIterationStarts on org.matsim.analysis.LegTimesControllerListener with priority 0.0
2026-08-12T11:49:24,252  INFO EventsManagerImpl:135 === Logging of event-handlers skipped ===
2026-08-12T11:49:24,252  INFO EventsManagerImpl:136 To enable debug output, set an environment variable i.e. export LOG_LEVEL='debug', or use Configurator...Level.DEBUG) in your run class.
2026-08-12T11:49:24,252  INFO EventsManagerImpl:205     > org.matsim.api.core.v01.events.PersonDepartureEvent
2026-08-12T11:49:24,252  INFO EventsManagerImpl:205     > org.matsim.api.core.v01.events.PersonArrivalEvent
2026-08-12T11:49:24,252  INFO EventsManagerImpl:205     > org.matsim.api.core.v01.events.ActivityEndEvent
2026-08-12T11:49:24,252  INFO EventsManagerImpl:205     > org.matsim.api.core.v01.events.ActivityStartEvent
2026-08-12T11:49:24,252  INFO EventsManagerImpl:135 === Logging of event-handlers skipped ===
2026-08-12T11:49:24,252  INFO EventsManagerImpl:136 To enable debug output, set an environment variable i.e. export LOG_LEVEL='debug', or use Configurator...Level.DEBUG) in your run class.
2026-08-12T11:49:24,252  INFO EventsManagerImpl:205     > org.matsim.api.core.v01.events.PersonDepartureEvent
2026-08-12T11:49:24,252  INFO EventsManagerImpl:205     > org.matsim.api.core.v01.events.PersonArrivalEvent
2026-08-12T11:49:24,252  INFO EventsManagerImpl:205     > org.matsim.api.core.v01.events.ActivityEndEvent
2026-08-12T11:49:24,252  INFO EventsManagerImpl:205     > org.matsim.api.core.v01.events.ActivityStartEvent
2026-08-12T11:49:24,252  INFO ControllerListenerManagerImpl:195 calling notifyIterationStarts on org.matsim.analysis.LegHistogramListener with priority 0.0
2026-08-12T11:49:24,252  INFO EventsManagerImpl:135 === Logging of event-handlers skipped ===
2026-08-12T11:49:24,252  INFO EventsManagerImpl:136 To enable debug output, set an environment variable i.e. export LOG_LEVEL='debug', or use Configurator...Level.DEBUG) in your run class.
2026-08-12T11:49:24,252  INFO EventsManagerImpl:205     > org.matsim.api.core.v01.events.PersonDepartureEvent
2026-08-12T11:49:24,252  INFO EventsManagerImpl:205     > org.matsim.api.core.v01.events.PersonArrivalEvent
2026-08-12T11:49:24,253  INFO EventsManagerImpl:205     > org.matsim.api.core.v01.events.PersonStuckEvent
2026-08-12T11:49:24,253  INFO EventsManagerImpl:135 === Logging of event-handlers skipped ===
2026-08-12T11:49:24,253  INFO EventsManagerImpl:136 To enable debug output, set an environment variable i.e. export LOG_LEVEL='debug', or use Configurator...Level.DEBUG) in your run class.
2026-08-12T11:49:24,253  INFO EventsManagerImpl:205     > org.matsim.api.core.v01.events.PersonDepartureEvent
2026-08-12T11:49:24,253  INFO EventsManagerImpl:205     > org.matsim.api.core.v01.events.PersonArrivalEvent
2026-08-12T11:49:24,253  INFO EventsManagerImpl:205     > org.matsim.api.core.v01.events.PersonStuckEvent
2026-08-12T11:49:24,253  INFO ControllerListenerManagerImpl:195 calling notifyIterationStarts on org.matsim.analysis.LinkStatsControllerListener with priority 0.0
2026-08-12T11:49:24,253  INFO ControllerListenerManagerImpl:195 calling notifyIterationStarts on org.matsim.core.replanning.ReplanningContextImpl with priority 0.0
2026-08-12T11:49:24,253  INFO ControllerListenerManagerImpl:195 calling notifyIterationStarts on org.matsim.core.scoring.ScoringFunctionsForPopulation$$Lambda/0x00001e0001314a18 with priority 0.0
2026-08-12T11:49:24,253  INFO ControllerListenerManagerImpl:195 calling notifyIterationStarts on org.matsim.core.scoring.ExperiencedPlansServiceImpl with priority 0.0
2026-08-12T11:49:24,253  INFO ControllerListenerManagerImpl:198 [it.7] all ControllerIterationStartsListeners called.
2026-08-12T11:49:24,253  INFO ControllerListenerManagerImpl:274 calling notifyReplanning on org.matsim.core.controler.corelisteners.PlansReplanningImpl with priority 0.0
2026-08-12T11:49:24,253  INFO GenericPlanStrategyImpl:135 Plan-Strategy finished, 93 plans handled. Strategy: BestPlanSelector
2026-08-12T11:49:24,253  INFO AbstractMultithreadedModule:142 [PlanRouter] starting 2 threads, handling 7 plans
2026-08-12T11:49:24,253  INFO Counter:71 [PlanRouter] handled plan # 1
2026-08-12T11:49:24,254  INFO Counter:71 [PlanRouter] handled plan # 4
2026-08-12T11:49:24,254  INFO AbstractMultithreadedModule:157 [PlanRouter] all 2 threads finished.
2026-08-12T11:49:24,254  INFO GenericPlanStrategyImpl:135 Plan-Strategy finished, 7 plans handled. Strategy: RandomPlanSelector_ReRoute
2026-08-12T11:49:24,254  INFO ControllerListenerManagerImpl:283 [it.7] all ControllerReplanningListeners called.
2026-08-12T11:49:24,254  INFO ControllerListenerManagerImpl:300 calling notifyBeforeMobsim on org.matsim.core.controler.corelisteners.EventsHandlingImpl with priority 0.0
2026-08-12T11:49:24,254  INFO EventsManagerImpl:169 resetting Event-Handlers
2026-08-12T11:49:24,254  INFO EventsManagerImpl:175   org.matsim.core.trafficmonitoring.TravelTimeCalculator
2026-08-12T11:49:24,254  INFO EventsManagerImpl:175   org.matsim.analysis.VolumesAnalyzer
2026-08-12T11:49:24,254  INFO EventsManagerImpl:175   org.matsim.core.scoring.ScoringFunctionsForPopulation
2026-08-12T11:49:24,254  INFO EventsManagerImpl:175   org.matsim.analysis.CalcLegTimes
2026-08-12T11:49:24,254  INFO EventsManagerImpl:175   org.matsim.analysis.LegHistogram
2026-08-12T11:49:24,254  INFO ControllerListenerManagerImpl:300 calling notifyBeforeMobsim on org.matsim.core.controler.corelisteners.PlansDumpingImpl with priority 0.0
2026-08-12T11:49:24,254  INFO ControllerListenerManagerImpl:306 calling notifyBeforeMobsim on org.matsim.core.population.VspPlansCleaner with priority 0.0
2026-08-12T11:49:24,254  INFO ControllerListenerManagerImpl:309 [it.7] all ControlerBeforeMobsimListeners called.
2026-08-12T11:49:24,254  INFO Counter:71 [PersonPrepareForSim] handled person # 1
2026-08-12T11:49:24,254  INFO Counter:71 [PersonPrepareForSim] handled person # 4
2026-08-12T11:49:24,254  INFO Counter:71 [PersonPrepareForSim] handled person # 16
2026-08-12T11:49:24,254  INFO Counter:71 [PersonPrepareForSim] handled person # 64
2026-08-12T11:49:24,254  INFO Counter:76 [PersonPrepareForSim] handled person # 100
2026-08-12T11:49:24,258  INFO MobsimListenerManager:50 calling addQueueSimulationListener
2026-08-12T11:49:24,258  INFO MobsimListenerManager:54   assigned class org.matsim.core.mobsim.framework.listeners.MobsimListener to interface org.matsim.core.mobsim.framework.listeners.MobsimListener
2026-08-12T11:49:24,258  INFO MobsimListenerManager:54   assigned class org.matsim.core.mobsim.framework.listeners.MobsimListener to interface org.matsim.core.mobsim.framework.listeners.MobsimAfterSimStepListener
2026-08-12T11:49:24,258  INFO MobsimListenerManager:54   assigned class org.matsim.core.mobsim.framework.listeners.MobsimListener to interface org.matsim.core.mobsim.framework.listeners.MobsimBeforeCleanupListener
2026-08-12T11:49:24,258  INFO MobsimListenerManager:54   assigned class org.matsim.core.mobsim.framework.listeners.MobsimListener to interface org.matsim.core.mobsim.framework.listeners.MobsimInitializedListener
2026-08-12T11:49:24,258  INFO MobsimListenerManager:54   assigned class org.matsim.core.mobsim.framework.listeners.MobsimListener to interface org.matsim.vis.snapshotwriters.SnapshotWriterManager
2026-08-12T11:49:24,258  INFO QSimProvider:131 Added MobsimEngine class org.matsim.core.mobsim.qsim.ActivityEngineDefaultImpl
2026-08-12T11:49:24,258  INFO QSimProvider:137 Added Activityhandler class org.matsim.core.mobsim.qsim.ActivityEngineDefaultImpl
2026-08-12T11:49:24,259  INFO QSimProvider:131 Added MobsimEngine class org.matsim.core.mobsim.qsim.qnetsimengine.QNetsimEngineWithThreadpool
2026-08-12T11:49:24,259  INFO QSimProvider:143 Added DepartureHandler class org.matsim.core.mobsim.qsim.qnetsimengine.NetworkModeDepartureHandlerDefaultImpl
2026-08-12T11:49:24,259  INFO QSimProvider:131 Added MobsimEngine class org.matsim.core.mobsim.qsim.DefaultTeleportationEngine
2026-08-12T11:49:24,259  INFO QSimProvider:143 Added DepartureHandler class org.matsim.core.mobsim.qsim.DefaultTeleportationEngine
2026-08-12T11:49:24,259  INFO QSimProvider:149 Added AgentSource class org.matsim.core.mobsim.qsim.agents.PopulationAgentSource
2026-08-12T11:49:24,259  INFO MobsimListenerManager:50 calling addQueueSimulationListener
2026-08-12T11:49:24,259  INFO MobsimListenerManager:54   assigned class org.matsim.core.mobsim.framework.listeners.MobsimListener to interface org.matsim.core.mobsim.qsim.messagequeueengine.MessageQueueEngine
2026-08-12T11:49:24,259  INFO MobsimListenerManager:54   assigned class org.matsim.core.mobsim.framework.listeners.MobsimListener to interface org.matsim.core.mobsim.framework.listeners.MobsimListener
2026-08-12T11:49:24,259  INFO MobsimListenerManager:54   assigned class org.matsim.core.mobsim.framework.listeners.MobsimListener to interface org.matsim.core.mobsim.framework.listeners.MobsimBeforeSimStepListener
2026-08-12T11:49:24,259  INFO QSimProvider:155 Added MobsimListener class org.matsim.core.mobsim.qsim.messagequeueengine.MessageQueueEngine
2026-08-12T11:49:24,260  INFO AbstractQNetsimEngine:427 Assigned 15 nodes and 23 links to QSimEngineRunner #0
2026-08-12T11:49:24,260  INFO AbstractQNetsimEngine:365 SIMULATION (QNetsimEngine) AT 05:58:30 : #links=0 #nodes=0
2026-08-12T11:49:24,260  INFO QSim:551 SIMULATION (NEW QSim) AT 05:58:30 : #active agents=100 lost=0 simT=0.0s realT=0s; (s/r): 0.0
2026-08-12T11:49:24,262  INFO AbstractQNetsimEngine:365 SIMULATION (QNetsimEngine) AT 06:00:00 : #links=0 #nodes=0
2026-08-12T11:49:24,262  INFO QSim:551 SIMULATION (NEW QSim) AT 06:00:00 : #active agents=100 lost=0 simT=90.0s realT=0s; (s/r): Infinity
2026-08-12T11:49:24,312  INFO AbstractQNetsimEngine:365 SIMULATION (QNetsimEngine) AT 07:00:00 : #links=0 #nodes=0
2026-08-12T11:49:24,312  INFO QSim:551 SIMULATION (NEW QSim) AT 07:00:00 : #active agents=100 lost=0 simT=3690.0s realT=0s; (s/r): Infinity
2026-08-12T11:49:24,363  INFO AbstractQNetsimEngine:365 SIMULATION (QNetsimEngine) AT 08:00:00 : #links=0 #nodes=0
2026-08-12T11:49:24,363  INFO QSim:551 SIMULATION (NEW QSim) AT 08:00:00 : #active agents=100 lost=0 simT=7290.0s realT=0s; (s/r): Infinity
2026-08-12T11:49:24,417  INFO AbstractQNetsimEngine:365 SIMULATION (QNetsimEngine) AT 09:00:00 : #links=0 #nodes=0
2026-08-12T11:49:24,417  INFO QSim:551 SIMULATION (NEW QSim) AT 09:00:00 : #active agents=100 lost=0 simT=10890.0s realT=0s; (s/r): Infinity
2026-08-12T11:49:24,468  INFO AbstractQNetsimEngine:365 SIMULATION (QNetsimEngine) AT 10:00:00 : #links=0 #nodes=0
2026-08-12T11:49:24,468  INFO QSim:551 SIMULATION (NEW QSim) AT 10:00:00 : #active agents=100 lost=0 simT=14490.0s realT=0s; (s/r): Infinity
2026-08-12T11:49:24,523  INFO AbstractQNetsimEngine:365 SIMULATION (QNetsimEngine) AT 11:00:00 : #links=0 #nodes=0
2026-08-12T11:49:24,523  INFO QSim:551 SIMULATION (NEW QSim) AT 11:00:00 : #active agents=100 lost=0 simT=18090.0s realT=0s; (s/r): Infinity
2026-08-12T11:49:24,576  INFO AbstractQNetsimEngine:365 SIMULATION (QNetsimEngine) AT 12:00:00 : #links=0 #nodes=0
2026-08-12T11:49:24,576  INFO QSim:551 SIMULATION (NEW QSim) AT 12:00:00 : #active agents=100 lost=0 simT=21690.0s realT=0s; (s/r): Infinity
2026-08-12T11:49:24,628  INFO AbstractQNetsimEngine:365 SIMULATION (QNetsimEngine) AT 13:00:00 : #links=0 #nodes=0
2026-08-12T11:49:24,628  INFO QSim:551 SIMULATION (NEW QSim) AT 13:00:00 : #active agents=100 lost=0 simT=25290.0s realT=0s; (s/r): Infinity
2026-08-12T11:49:24,682  INFO AbstractQNetsimEngine:365 SIMULATION (QNetsimEngine) AT 14:00:00 : #links=0 #nodes=0
2026-08-12T11:49:24,682  INFO QSim:551 SIMULATION (NEW QSim) AT 14:00:00 : #active agents=100 lost=0 simT=28890.0s realT=0s; (s/r): Infinity
2026-08-12T11:49:24,733  INFO AbstractQNetsimEngine:365 SIMULATION (QNetsimEngine) AT 15:00:00 : #links=0 #nodes=0
2026-08-12T11:49:24,733  INFO QSim:551 SIMULATION (NEW QSim) AT 15:00:00 : #active agents=100 lost=0 simT=32490.0s realT=0s; (s/r): Infinity
2026-08-12T11:49:24,783  INFO AbstractQNetsimEngine:365 SIMULATION (QNetsimEngine) AT 16:00:00 : #links=0 #nodes=0
2026-08-12T11:49:24,783  INFO QSim:551 SIMULATION (NEW QSim) AT 16:00:00 : #active agents=100 lost=0 simT=36090.0s realT=0s; (s/r): Infinity
2026-08-12T11:49:24,835  INFO AbstractQNetsimEngine:365 SIMULATION (QNetsimEngine) AT 17:00:00 : #links=0 #nodes=0
2026-08-12T11:49:24,835  INFO QSim:551 SIMULATION (NEW QSim) AT 17:00:00 : #active agents=5 lost=0 simT=39690.0s realT=0s; (s/r): Infinity
2026-08-12T11:49:24,887  INFO AbstractQNetsimEngine:365 SIMULATION (QNetsimEngine) AT 18:00:00 : #links=0 #nodes=0
2026-08-12T11:49:24,887  INFO QSim:551 SIMULATION (NEW QSim) AT 18:00:00 : #active agents=4 lost=0 simT=43290.0s realT=0s; (s/r): Infinity
2026-08-12T11:49:24,939  INFO AbstractQNetsimEngine:365 SIMULATION (QNetsimEngine) AT 19:00:00 : #links=0 #nodes=0
2026-08-12T11:49:24,939  INFO QSim:551 SIMULATION (NEW QSim) AT 19:00:00 : #active agents=2 lost=0 simT=46890.0s realT=0s; (s/r): Infinity
2026-08-12T11:49:24,989  INFO AbstractQNetsimEngine:365 SIMULATION (QNetsimEngine) AT 20:00:00 : #links=0 #nodes=0
2026-08-12T11:49:24,990  INFO QSim:551 SIMULATION (NEW QSim) AT 20:00:00 : #active agents=2 lost=0 simT=50490.0s realT=0s; (s/r): Infinity
2026-08-12T11:49:25,041  INFO AbstractQNetsimEngine:365 SIMULATION (QNetsimEngine) AT 21:00:00 : #links=1 #nodes=0
2026-08-12T11:49:25,041  INFO QSim:551 SIMULATION (NEW QSim) AT 21:00:00 : #active agents=2 lost=0 simT=54090.0s realT=0s; (s/r): Infinity
2026-08-12T11:49:25,092  INFO AbstractQNetsimEngine:365 SIMULATION (QNetsimEngine) AT 22:00:00 : #links=0 #nodes=0
2026-08-12T11:49:25,092  INFO QSim:551 SIMULATION (NEW QSim) AT 22:00:00 : #active agents=2 lost=0 simT=57690.0s realT=0s; (s/r): Infinity
2026-08-12T11:49:25,143  INFO AbstractQNetsimEngine:365 SIMULATION (QNetsimEngine) AT 23:00:00 : #links=0 #nodes=0
2026-08-12T11:49:25,143  INFO QSim:551 SIMULATION (NEW QSim) AT 23:00:00 : #active agents=1 lost=0 simT=61290.0s realT=0s; (s/r): Infinity
2026-08-12T11:49:25,171  INFO AbstractController$9:237 ### ITERATION 7 fires after mobsim event
2026-08-12T11:49:25,171  INFO Gbl:196 Thread performance: Thread=class org.matsim.core.events.SimStepParallelEventsManagerImpl$ProcessEventsRunnable0  cpu-time=0.161385sec
2026-08-12T11:49:25,171  INFO ControllerListenerManagerImpl:331 calling notifyAfterMobsim on org.matsim.analysis.LegTimesControllerListener with priority 0.0
2026-08-12T11:49:25,172  INFO LegTimesControllerListener:73 [7] average leg duration is: 5745 seconds = 01:35:45
2026-08-12T11:49:25,172  INFO ControllerListenerManagerImpl:331 calling notifyAfterMobsim on org.matsim.core.events.MobsimScopeEventHandling with priority 0.0
2026-08-12T11:49:25,172  INFO ControllerListenerManagerImpl:331 calling notifyAfterMobsim on org.matsim.core.scoring.EventsToActivities$1 with priority 0.0
2026-08-12T11:49:25,172  INFO ControllerListenerManagerImpl:334 [it.7] all ControllerAfterMobsimListeners called.
2026-08-12T11:49:25,172  INFO AbstractController$4:162 ### ITERATION 7 fires scoring event
2026-08-12T11:49:25,172  INFO ControllerListenerManagerImpl:245 calling notifyScoring on org.matsim.core.scoring.PlansScoringImpl with priority 0.0
2026-08-12T11:49:25,172  INFO ControllerListenerManagerImpl:257 [it.7] all ControllerScoringListeners called.
2026-08-12T11:49:25,172  INFO AbstractController$5:170 ### ITERATION 7 fires iteration end event
2026-08-12T11:49:25,172  INFO ControllerListenerManagerImpl:216 calling notifyIterationEnds on org.matsim.core.controler.corelisteners.EventsHandlingImpl with priority 0.0
2026-08-12T11:49:25,172  INFO ControllerListenerManagerImpl:216 calling notifyIterationEnds on org.matsim.core.scoring.PlansScoringImpl with priority 0.0
2026-08-12T11:49:25,172  INFO ControllerListenerManagerImpl:224 calling notifyIterationEnds on org.matsim.counts.CountsControllerListener with priority 0.0
2026-08-12T11:49:25,172  INFO ControllerListenerManagerImpl:224 calling notifyIterationEnds on org.matsim.analysis.ModeChoiceCoverageControllerListener with priority 0.0
2026-08-12T11:49:25,172  INFO ModeChoiceCoverageControllerListener:144 -- mode choice coverage (1x) of mode car = 1.0
2026-08-12T11:49:25,172  INFO ModeChoiceCoverageControllerListener:144 -- mode choice coverage (5x) of mode car = 1.0
2026-08-12T11:49:25,172  INFO ModeChoiceCoverageControllerListener:144 -- mode choice coverage (10x) of mode car = 0.0
2026-08-12T11:49:25,212  INFO ControllerListenerManagerImpl:224 calling notifyIterationEnds on org.matsim.analysis.ModeStatsControllerListener with priority 0.0
2026-08-12T11:49:25,212  INFO ModeStatsControllerListener:132 Mode shares over all 201.0 trips found. MainModeIdentifier: class org.matsim.core.router.DefaultAnalysisMainModeIdentifier
2026-08-12T11:49:25,212  INFO ModeStatsControllerListener:139 -- mode share of mode car = 1.0
2026-08-12T11:49:25,237  INFO ControllerListenerManagerImpl:224 calling notifyIterationEnds on org.matsim.analysis.ScoreStatsControlerListener with priority 0.0
2026-08-12T11:49:25,237  INFO ScoreStatsControlerListener:154 -- avg. score of the executed plan of each agent: -14.609049590506006
2026-08-12T11:49:25,237  INFO ScoreStatsControlerListener:155 -- avg. score of the worst plan of each agent: -14.817530139139544
2026-08-12T11:49:25,237  INFO ScoreStatsControlerListener:156 -- avg. of the avg. plan score per agent: -14.702964149963366
2026-08-12T11:49:25,237  INFO ScoreStatsControlerListener:157 -- avg. score of the best plan of each agent: -14.608956513276098
2026-08-12T11:49:25,250  INFO ControllerListenerManagerImpl:224 calling notifyIterationEnds on org.matsim.analysis.IterationTravelStatsControllerListener with priority 0.0
2026-08-12T11:49:25,250  INFO TravelDistanceStats:113 -- average leg distance per plan (executed plans only): 19258.70646766169 meters
2026-08-12T11:49:25,250  INFO TravelDistanceStats:114 average leg distance per Person (executed plans only): 116130.0 meters (statistic on all 603 legs which have a finite distance)
2026-08-12T11:49:25,250  INFO TravelDistanceStats:115 -- average trip distance per plan (executed plans only): 57776.119402985074 meters
2026-08-12T11:49:25,250  INFO TravelDistanceStats:116 average trip distance per Person (executed plans only): 116130.0 meters (statistic on all 201 trips which have a finite distance)
2026-08-12T11:49:25,250  INFO TravelDistanceStats:117 (TravelDistanceStats takes an average over all legs where the simulation reports travelled (network) distances
2026-08-12T11:49:25,250  INFO TravelDistanceStats:118 (and teleported legs whose route contains a distance.)
2026-08-12T11:49:25,278  INFO ControllerListenerManagerImpl:224 calling notifyIterationEnds on org.matsim.analysis.LegTimesControllerListener with priority 0.0
2026-08-12T11:49:25,278  INFO EventsManagerImpl:160 removing Event-Handler: org.matsim.analysis.CalcLegTimes
2026-08-12T11:49:25,278  INFO EventsManagerImpl:160 removing Event-Handler: org.matsim.analysis.CalcLegTimes
2026-08-12T11:49:25,278  INFO ControllerListenerManagerImpl:224 calling notifyIterationEnds on org.matsim.analysis.LegHistogramListener with priority 0.0
2026-08-12T11:49:25,279  INFO LegHistogramListener:79 number of legs:	603	100%
2026-08-12T11:49:25,279  INFO LegHistogramListener:86 number of car legs:	201	33.333333333333336%
2026-08-12T11:49:25,279  INFO LegHistogramListener:86 number of walk legs:	402	66.66666666666667%
2026-08-12T11:49:25,337  INFO EventsManagerImpl:160 removing Event-Handler: org.matsim.analysis.LegHistogram
2026-08-12T11:49:25,337  INFO EventsManagerImpl:160 removing Event-Handler: org.matsim.analysis.LegHistogram
2026-08-12T11:49:25,337  INFO ControllerListenerManagerImpl:224 calling notifyIterationEnds on org.matsim.analysis.LinkStatsControllerListener with priority 0.0
2026-08-12T11:49:25,337  INFO ControllerListenerManagerImpl:228 [it.7] all ControllerIterationEndsListeners called.
2026-08-12T11:49:25,357  INFO AbstractController:184 ### ITERATION 7 ENDS
2026-08-12T11:49:25,357  INFO AbstractController:185 ###################################################
2026-08-12T11:49:25,357  INFO AbstractController:136 ###################################################
2026-08-12T11:49:25,357  INFO AbstractController:137 ### ITERATION 8 BEGINS
2026-08-12T11:49:25,357  INFO ControllerListenerManagerImpl:195 calling notifyIterationStarts on org.matsim.analysis.LegTimesControllerListener with priority 0.0
2026-08-12T11:49:25,357  INFO EventsManagerImpl:135 === Logging of event-handlers skipped ===
2026-08-12T11:49:25,357  INFO EventsManagerImpl:136 To enable debug output, set an environment variable i.e. export LOG_LEVEL='debug', or use Configurator...Level.DEBUG) in your run class.
2026-08-12T11:49:25,357  INFO EventsManagerImpl:205     > org.matsim.api.core.v01.events.PersonDepartureEvent
2026-08-12T11:49:25,357  INFO EventsManagerImpl:205     > org.matsim.api.core.v01.events.PersonArrivalEvent
2026-08-12T11:49:25,357  INFO EventsManagerImpl:205     > org.matsim.api.core.v01.events.ActivityEndEvent
2026-08-12T11:49:25,357  INFO EventsManagerImpl:205     > org.matsim.api.core.v01.events.ActivityStartEvent
2026-08-12T11:49:25,357  INFO EventsManagerImpl:135 === Logging of event-handlers skipped ===
2026-08-12T11:49:25,357  INFO EventsManagerImpl:136 To enable debug output, set an environment variable i.e. export LOG_LEVEL='debug', or use Configurator...Level.DEBUG) in your run class.
2026-08-12T11:49:25,357  INFO EventsManagerImpl:205     > org.matsim.api.core.v01.events.PersonDepartureEvent
2026-08-12T11:49:25,357  INFO EventsManagerImpl:205     > org.matsim.api.core.v01.events.PersonArrivalEvent
2026-08-12T11:49:25,357  INFO EventsManagerImpl:205     > org.matsim.api.core.v01.events.ActivityEndEvent
2026-08-12T11:49:25,357  INFO EventsManagerImpl:205     > org.matsim.api.core.v01.events.ActivityStartEvent
2026-08-12T11:49:25,357  INFO ControllerListenerManagerImpl:195 calling notifyIterationStarts on org.matsim.analysis.LegHistogramListener with priority 0.0
2026-08-12T11:49:25,357  INFO EventsManagerImpl:135 === Logging of event-handlers skipped ===
2026-08-12T11:49:25,357  INFO EventsManagerImpl:136 To enable debug output, set an environment variable i.e. export LOG_LEVEL='debug', or use Configurator...Level.DEBUG) in your run class.
2026-08-12T11:49:25,357  INFO EventsManagerImpl:205     > org.matsim.api.core.v01.events.PersonDepartureEvent
2026-08-12T11:49:25,357  INFO EventsManagerImpl:205     > org.matsim.api.core.v01.events.PersonArrivalEvent
2026-08-12T11:49:25,357  INFO EventsManagerImpl:205     > org.matsim.api.core.v01.events.PersonStuckEvent
2026-08-12T11:49:25,357  INFO EventsManagerImpl:135 === Logging of event-handlers skipped ===
2026-08-12T11:49:25,357  INFO EventsManagerImpl:136 To enable debug output, set an environment variable i.e. export LOG_LEVEL='debug', or use Configurator...Level.DEBUG) in your run class.
2026-08-12T11:49:25,357  INFO EventsManagerImpl:205     > org.matsim.api.core.v01.events.PersonDepartureEvent
2026-08-12T11:49:25,357  INFO EventsManagerImpl:205     > org.matsim.api.core.v01.events.PersonArrivalEvent
2026-08-12T11:49:25,357  INFO EventsManagerImpl:205     > org.matsim.api.core.v01.events.PersonStuckEvent
2026-08-12T11:49:25,357  INFO ControllerListenerManagerImpl:195 calling notifyIterationStarts on org.matsim.analysis.LinkStatsControllerListener with priority 0.0
2026-08-12T11:49:25,357  INFO ControllerListenerManagerImpl:195 calling notifyIterationStarts on org.matsim.core.replanning.ReplanningContextImpl with priority 0.0
2026-08-12T11:49:25,357  INFO ControllerListenerManagerImpl:195 calling notifyIterationStarts on org.matsim.core.scoring.ScoringFunctionsForPopulation$$Lambda/0x00001e0001314a18 with priority 0.0
2026-08-12T11:49:25,358  INFO ControllerListenerManagerImpl:195 calling notifyIterationStarts on org.matsim.core.scoring.ExperiencedPlansServiceImpl with priority 0.0
2026-08-12T11:49:25,358  INFO ControllerListenerManagerImpl:198 [it.8] all ControllerIterationStartsListeners called.
2026-08-12T11:49:25,358  INFO ControllerListenerManagerImpl:274 calling notifyReplanning on org.matsim.core.controler.corelisteners.PlansReplanningImpl with priority 0.0
2026-08-12T11:49:25,358  INFO GenericPlanStrategyImpl:135 Plan-Strategy finished, 90 plans handled. Strategy: BestPlanSelector
2026-08-12T11:49:25,358  INFO AbstractMultithreadedModule:142 [PlanRouter] starting 2 threads, handling 10 plans
2026-08-12T11:49:25,359  INFO Counter:71 [PlanRouter] handled plan # 1
2026-08-12T11:49:25,359  INFO Counter:71 [PlanRouter] handled plan # 4
2026-08-12T11:49:25,359  INFO AbstractMultithreadedModule:157 [PlanRouter] all 2 threads finished.
2026-08-12T11:49:25,359  INFO GenericPlanStrategyImpl:135 Plan-Strategy finished, 10 plans handled. Strategy: RandomPlanSelector_ReRoute
2026-08-12T11:49:25,359  INFO ControllerListenerManagerImpl:283 [it.8] all ControllerReplanningListeners called.
2026-08-12T11:49:25,359  INFO ControllerListenerManagerImpl:300 calling notifyBeforeMobsim on org.matsim.core.controler.corelisteners.EventsHandlingImpl with priority 0.0
2026-08-12T11:49:25,359  INFO EventsManagerImpl:169 resetting Event-Handlers
2026-08-12T11:49:25,359  INFO EventsManagerImpl:175   org.matsim.core.trafficmonitoring.TravelTimeCalculator
2026-08-12T11:49:25,359  INFO EventsManagerImpl:175   org.matsim.analysis.VolumesAnalyzer
2026-08-12T11:49:25,359  INFO EventsManagerImpl:175   org.matsim.core.scoring.ScoringFunctionsForPopulation
2026-08-12T11:49:25,359  INFO EventsManagerImpl:175   org.matsim.analysis.CalcLegTimes
2026-08-12T11:49:25,359  INFO EventsManagerImpl:175   org.matsim.analysis.LegHistogram
2026-08-12T11:49:25,359  INFO ControllerListenerManagerImpl:300 calling notifyBeforeMobsim on org.matsim.core.controler.corelisteners.PlansDumpingImpl with priority 0.0
2026-08-12T11:49:25,360  INFO ControllerListenerManagerImpl:306 calling notifyBeforeMobsim on org.matsim.core.population.VspPlansCleaner with priority 0.0
2026-08-12T11:49:25,360  INFO ControllerListenerManagerImpl:309 [it.8] all ControlerBeforeMobsimListeners called.
2026-08-12T11:49:25,360  INFO Counter:71 [PersonPrepareForSim] handled person # 1
2026-08-12T11:49:25,360  INFO Counter:71 [PersonPrepareForSim] handled person # 4
2026-08-12T11:49:25,360  INFO Counter:71 [PersonPrepareForSim] handled person # 16
2026-08-12T11:49:25,360  INFO Counter:71 [PersonPrepareForSim] handled person # 64
2026-08-12T11:49:25,360  INFO Counter:76 [PersonPrepareForSim] handled person # 100
2026-08-12T11:49:25,364  INFO MobsimListenerManager:50 calling addQueueSimulationListener
2026-08-12T11:49:25,364  INFO MobsimListenerManager:54   assigned class org.matsim.core.mobsim.framework.listeners.MobsimListener to interface org.matsim.core.mobsim.framework.listeners.MobsimListener
2026-08-12T11:49:25,364  INFO MobsimListenerManager:54   assigned class org.matsim.core.mobsim.framework.listeners.MobsimListener to interface org.matsim.core.mobsim.framework.listeners.MobsimAfterSimStepListener
2026-08-12T11:49:25,364  INFO MobsimListenerManager:54   assigned class org.matsim.core.mobsim.framework.listeners.MobsimListener to interface org.matsim.core.mobsim.framework.listeners.MobsimBeforeCleanupListener
2026-08-12T11:49:25,364  INFO MobsimListenerManager:54   assigned class org.matsim.core.mobsim.framework.listeners.MobsimListener to interface org.matsim.core.mobsim.framework.listeners.MobsimInitializedListener
2026-08-12T11:49:25,364  INFO MobsimListenerManager:54   assigned class org.matsim.core.mobsim.framework.listeners.MobsimListener to interface org.matsim.vis.snapshotwriters.SnapshotWriterManager
2026-08-12T11:49:25,364  INFO QSimProvider:131 Added MobsimEngine class org.matsim.core.mobsim.qsim.ActivityEngineDefaultImpl
2026-08-12T11:49:25,364  INFO QSimProvider:137 Added Activityhandler class org.matsim.core.mobsim.qsim.ActivityEngineDefaultImpl
2026-08-12T11:49:25,364  INFO QSimProvider:131 Added MobsimEngine class org.matsim.core.mobsim.qsim.qnetsimengine.QNetsimEngineWithThreadpool
2026-08-12T11:49:25,364  INFO QSimProvider:143 Added DepartureHandler class org.matsim.core.mobsim.qsim.qnetsimengine.NetworkModeDepartureHandlerDefaultImpl
2026-08-12T11:49:25,364  INFO QSimProvider:131 Added MobsimEngine class org.matsim.core.mobsim.qsim.DefaultTeleportationEngine
2026-08-12T11:49:25,364  INFO QSimProvider:143 Added DepartureHandler class org.matsim.core.mobsim.qsim.DefaultTeleportationEngine
2026-08-12T11:49:25,364  INFO QSimProvider:149 Added AgentSource class org.matsim.core.mobsim.qsim.agents.PopulationAgentSource
2026-08-12T11:49:25,364  INFO MobsimListenerManager:50 calling addQueueSimulationListener
2026-08-12T11:49:25,364  INFO MobsimListenerManager:54   assigned class org.matsim.core.mobsim.framework.listeners.MobsimListener to interface org.matsim.core.mobsim.qsim.messagequeueengine.MessageQueueEngine
2026-08-12T11:49:25,364  INFO MobsimListenerManager:54   assigned class org.matsim.core.mobsim.framework.listeners.MobsimListener to interface org.matsim.core.mobsim.framework.listeners.MobsimListener
2026-08-12T11:49:25,364  INFO MobsimListenerManager:54   assigned class org.matsim.core.mobsim.framework.listeners.MobsimListener to interface org.matsim.core.mobsim.framework.listeners.MobsimBeforeSimStepListener
2026-08-12T11:49:25,364  INFO QSimProvider:155 Added MobsimListener class org.matsim.core.mobsim.qsim.messagequeueengine.MessageQueueEngine
2026-08-12T11:49:25,365  INFO AbstractQNetsimEngine:427 Assigned 15 nodes and 23 links to QSimEngineRunner #0
2026-08-12T11:49:25,365  INFO AbstractQNetsimEngine:365 SIMULATION (QNetsimEngine) AT 05:58:30 : #links=0 #nodes=0
2026-08-12T11:49:25,365  INFO QSim:551 SIMULATION (NEW QSim) AT 05:58:30 : #active agents=100 lost=0 simT=0.0s realT=0s; (s/r): 0.0
2026-08-12T11:49:25,367  INFO AbstractQNetsimEngine:365 SIMULATION (QNetsimEngine) AT 06:00:00 : #links=0 #nodes=0
2026-08-12T11:49:25,367  INFO QSim:551 SIMULATION (NEW QSim) AT 06:00:00 : #active agents=100 lost=0 simT=90.0s realT=0s; (s/r): Infinity
2026-08-12T11:49:25,418  INFO AbstractQNetsimEngine:365 SIMULATION (QNetsimEngine) AT 07:00:00 : #links=0 #nodes=0
2026-08-12T11:49:25,418  INFO QSim:551 SIMULATION (NEW QSim) AT 07:00:00 : #active agents=100 lost=0 simT=3690.0s realT=0s; (s/r): Infinity
2026-08-12T11:49:25,468  INFO AbstractQNetsimEngine:365 SIMULATION (QNetsimEngine) AT 08:00:00 : #links=0 #nodes=0
2026-08-12T11:49:25,468  INFO QSim:551 SIMULATION (NEW QSim) AT 08:00:00 : #active agents=100 lost=0 simT=7290.0s realT=0s; (s/r): Infinity
2026-08-12T11:49:25,521  INFO AbstractQNetsimEngine:365 SIMULATION (QNetsimEngine) AT 09:00:00 : #links=0 #nodes=0
2026-08-12T11:49:25,521  INFO QSim:551 SIMULATION (NEW QSim) AT 09:00:00 : #active agents=100 lost=0 simT=10890.0s realT=0s; (s/r): Infinity
2026-08-12T11:49:25,571  INFO AbstractQNetsimEngine:365 SIMULATION (QNetsimEngine) AT 10:00:00 : #links=0 #nodes=0
2026-08-12T11:49:25,571  INFO QSim:551 SIMULATION (NEW QSim) AT 10:00:00 : #active agents=100 lost=0 simT=14490.0s realT=0s; (s/r): Infinity
2026-08-12T11:49:25,623  INFO AbstractQNetsimEngine:365 SIMULATION (QNetsimEngine) AT 11:00:00 : #links=0 #nodes=0
2026-08-12T11:49:25,623  INFO QSim:551 SIMULATION (NEW QSim) AT 11:00:00 : #active agents=100 lost=0 simT=18090.0s realT=0s; (s/r): Infinity
2026-08-12T11:49:25,672  INFO AbstractQNetsimEngine:365 SIMULATION (QNetsimEngine) AT 12:00:00 : #links=0 #nodes=0
2026-08-12T11:49:25,672  INFO QSim:551 SIMULATION (NEW QSim) AT 12:00:00 : #active agents=100 lost=0 simT=21690.0s realT=0s; (s/r): Infinity
2026-08-12T11:49:25,722  INFO AbstractQNetsimEngine:365 SIMULATION (QNetsimEngine) AT 13:00:00 : #links=0 #nodes=0
2026-08-12T11:49:25,722  INFO QSim:551 SIMULATION (NEW QSim) AT 13:00:00 : #active agents=100 lost=0 simT=25290.0s realT=0s; (s/r): Infinity
2026-08-12T11:49:25,776  INFO AbstractQNetsimEngine:365 SIMULATION (QNetsimEngine) AT 14:00:00 : #links=0 #nodes=0
2026-08-12T11:49:25,776  INFO QSim:551 SIMULATION (NEW QSim) AT 14:00:00 : #active agents=100 lost=0 simT=28890.0s realT=0s; (s/r): Infinity
2026-08-12T11:49:25,828  INFO AbstractQNetsimEngine:365 SIMULATION (QNetsimEngine) AT 15:00:00 : #links=0 #nodes=0
2026-08-12T11:49:25,828  INFO QSim:551 SIMULATION (NEW QSim) AT 15:00:00 : #active agents=100 lost=0 simT=32490.0s realT=0s; (s/r): Infinity
2026-08-12T11:49:25,879  INFO AbstractQNetsimEngine:365 SIMULATION (QNetsimEngine) AT 16:00:00 : #links=0 #nodes=0
2026-08-12T11:49:25,879  INFO QSim:551 SIMULATION (NEW QSim) AT 16:00:00 : #active agents=100 lost=0 simT=36090.0s realT=0s; (s/r): Infinity
2026-08-12T11:49:25,930  INFO AbstractQNetsimEngine:365 SIMULATION (QNetsimEngine) AT 17:00:00 : #links=0 #nodes=0
2026-08-12T11:49:25,930  INFO QSim:551 SIMULATION (NEW QSim) AT 17:00:00 : #active agents=5 lost=0 simT=39690.0s realT=0s; (s/r): Infinity
2026-08-12T11:49:25,979  INFO AbstractQNetsimEngine:365 SIMULATION (QNetsimEngine) AT 18:00:00 : #links=0 #nodes=0
2026-08-12T11:49:25,979  INFO QSim:551 SIMULATION (NEW QSim) AT 18:00:00 : #active agents=4 lost=0 simT=43290.0s realT=0s; (s/r): Infinity
2026-08-12T11:49:26,029  INFO AbstractQNetsimEngine:365 SIMULATION (QNetsimEngine) AT 19:00:00 : #links=0 #nodes=0
2026-08-12T11:49:26,029  INFO QSim:551 SIMULATION (NEW QSim) AT 19:00:00 : #active agents=2 lost=0 simT=46890.0s realT=0s; (s/r): Infinity
2026-08-12T11:49:26,077  INFO AbstractQNetsimEngine:365 SIMULATION (QNetsimEngine) AT 20:00:00 : #links=0 #nodes=0
2026-08-12T11:49:26,077  INFO QSim:551 SIMULATION (NEW QSim) AT 20:00:00 : #active agents=2 lost=0 simT=50490.0s realT=0s; (s/r): Infinity
2026-08-12T11:49:26,127  INFO AbstractQNetsimEngine:365 SIMULATION (QNetsimEngine) AT 21:00:00 : #links=1 #nodes=0
2026-08-12T11:49:26,127  INFO QSim:551 SIMULATION (NEW QSim) AT 21:00:00 : #active agents=2 lost=0 simT=54090.0s realT=0s; (s/r): Infinity
2026-08-12T11:49:26,176  INFO AbstractQNetsimEngine:365 SIMULATION (QNetsimEngine) AT 22:00:00 : #links=0 #nodes=0
2026-08-12T11:49:26,176  INFO QSim:551 SIMULATION (NEW QSim) AT 22:00:00 : #active agents=2 lost=0 simT=57690.0s realT=0s; (s/r): Infinity
2026-08-12T11:49:26,227  INFO AbstractQNetsimEngine:365 SIMULATION (QNetsimEngine) AT 23:00:00 : #links=0 #nodes=0
2026-08-12T11:49:26,227  INFO QSim:551 SIMULATION (NEW QSim) AT 23:00:00 : #active agents=1 lost=0 simT=61290.0s realT=0s; (s/r): Infinity
2026-08-12T11:49:26,256  INFO AbstractController$9:237 ### ITERATION 8 fires after mobsim event
2026-08-12T11:49:26,256  INFO Gbl:196 Thread performance: Thread=class org.matsim.core.events.SimStepParallelEventsManagerImpl$ProcessEventsRunnable0  cpu-time=0.157237sec
2026-08-12T11:49:26,256  INFO ControllerListenerManagerImpl:331 calling notifyAfterMobsim on org.matsim.analysis.LegTimesControllerListener with priority 0.0
2026-08-12T11:49:26,257  INFO LegTimesControllerListener:73 [8] average leg duration is: 5744 seconds = 01:35:44
2026-08-12T11:49:26,257  INFO ControllerListenerManagerImpl:331 calling notifyAfterMobsim on org.matsim.core.events.MobsimScopeEventHandling with priority 0.0
2026-08-12T11:49:26,257  INFO ControllerListenerManagerImpl:331 calling notifyAfterMobsim on org.matsim.core.scoring.EventsToActivities$1 with priority 0.0
2026-08-12T11:49:26,257  INFO ControllerListenerManagerImpl:334 [it.8] all ControllerAfterMobsimListeners called.
2026-08-12T11:49:26,257  INFO AbstractController$4:162 ### ITERATION 8 fires scoring event
2026-08-12T11:49:26,257  INFO ControllerListenerManagerImpl:245 calling notifyScoring on org.matsim.core.scoring.PlansScoringImpl with priority 0.0
2026-08-12T11:49:26,257  INFO ControllerListenerManagerImpl:257 [it.8] all ControllerScoringListeners called.
2026-08-12T11:49:26,257  INFO AbstractController$5:170 ### ITERATION 8 fires iteration end event
2026-08-12T11:49:26,257  INFO ControllerListenerManagerImpl:216 calling notifyIterationEnds on org.matsim.core.controler.corelisteners.EventsHandlingImpl with priority 0.0
2026-08-12T11:49:26,257  INFO ControllerListenerManagerImpl:216 calling notifyIterationEnds on org.matsim.core.scoring.PlansScoringImpl with priority 0.0
2026-08-12T11:49:26,257  INFO ControllerListenerManagerImpl:224 calling notifyIterationEnds on org.matsim.counts.CountsControllerListener with priority 0.0
2026-08-12T11:49:26,257  INFO ControllerListenerManagerImpl:224 calling notifyIterationEnds on org.matsim.analysis.ModeChoiceCoverageControllerListener with priority 0.0
2026-08-12T11:49:26,258  INFO ModeChoiceCoverageControllerListener:144 -- mode choice coverage (1x) of mode car = 1.0
2026-08-12T11:49:26,258  INFO ModeChoiceCoverageControllerListener:144 -- mode choice coverage (5x) of mode car = 1.0
2026-08-12T11:49:26,258  INFO ModeChoiceCoverageControllerListener:144 -- mode choice coverage (10x) of mode car = 0.0
2026-08-12T11:49:26,296  INFO ControllerListenerManagerImpl:224 calling notifyIterationEnds on org.matsim.analysis.ModeStatsControllerListener with priority 0.0
2026-08-12T11:49:26,296  INFO ModeStatsControllerListener:132 Mode shares over all 201.0 trips found. MainModeIdentifier: class org.matsim.core.router.DefaultAnalysisMainModeIdentifier
2026-08-12T11:49:26,296  INFO ModeStatsControllerListener:139 -- mode share of mode car = 1.0
2026-08-12T11:49:26,322  INFO ControllerListenerManagerImpl:224 calling notifyIterationEnds on org.matsim.analysis.ScoreStatsControlerListener with priority 0.0
2026-08-12T11:49:26,322  INFO ScoreStatsControlerListener:154 -- avg. score of the executed plan of each agent: -14.585253927227184
2026-08-12T11:49:26,322  INFO ScoreStatsControlerListener:155 -- avg. score of the worst plan of each agent: -14.815415443689062
2026-08-12T11:49:26,322  INFO ScoreStatsControlerListener:156 -- avg. of the avg. plan score per agent: -14.688241618330355
2026-08-12T11:49:26,322  INFO ScoreStatsControlerListener:157 -- avg. score of the best plan of each agent: -14.584757501294451
2026-08-12T11:49:26,335  INFO ControllerListenerManagerImpl:224 calling notifyIterationEnds on org.matsim.analysis.IterationTravelStatsControllerListener with priority 0.0
2026-08-12T11:49:26,335  INFO TravelDistanceStats:113 -- average leg distance per plan (executed plans only): 19258.70646766169 meters
2026-08-12T11:49:26,335  INFO TravelDistanceStats:114 average leg distance per Person (executed plans only): 116130.0 meters (statistic on all 603 legs which have a finite distance)
2026-08-12T11:49:26,335  INFO TravelDistanceStats:115 -- average trip distance per plan (executed plans only): 57776.119402985074 meters
2026-08-12T11:49:26,335  INFO TravelDistanceStats:116 average trip distance per Person (executed plans only): 116130.0 meters (statistic on all 201 trips which have a finite distance)
2026-08-12T11:49:26,335  INFO TravelDistanceStats:117 (TravelDistanceStats takes an average over all legs where the simulation reports travelled (network) distances
2026-08-12T11:49:26,335  INFO TravelDistanceStats:118 (and teleported legs whose route contains a distance.)
2026-08-12T11:49:26,364  INFO ControllerListenerManagerImpl:224 calling notifyIterationEnds on org.matsim.analysis.LegTimesControllerListener with priority 0.0
2026-08-12T11:49:26,364  INFO EventsManagerImpl:160 removing Event-Handler: org.matsim.analysis.CalcLegTimes
2026-08-12T11:49:26,364  INFO EventsManagerImpl:160 removing Event-Handler: org.matsim.analysis.CalcLegTimes
2026-08-12T11:49:26,364  INFO ControllerListenerManagerImpl:224 calling notifyIterationEnds on org.matsim.analysis.LegHistogramListener with priority 0.0
2026-08-12T11:49:26,365  INFO LegHistogramListener:79 number of legs:	603	100%
2026-08-12T11:49:26,365  INFO LegHistogramListener:86 number of car legs:	201	33.333333333333336%
2026-08-12T11:49:26,365  INFO LegHistogramListener:86 number of walk legs:	402	66.66666666666667%
2026-08-12T11:49:26,422  INFO EventsManagerImpl:160 removing Event-Handler: org.matsim.analysis.LegHistogram
2026-08-12T11:49:26,423  INFO EventsManagerImpl:160 removing Event-Handler: org.matsim.analysis.LegHistogram
2026-08-12T11:49:26,423  INFO ControllerListenerManagerImpl:224 calling notifyIterationEnds on org.matsim.analysis.LinkStatsControllerListener with priority 0.0
2026-08-12T11:49:26,423  INFO ControllerListenerManagerImpl:228 [it.8] all ControllerIterationEndsListeners called.
2026-08-12T11:49:26,443  INFO AbstractController:184 ### ITERATION 8 ENDS
2026-08-12T11:49:26,444  INFO AbstractController:185 ###################################################
2026-08-12T11:49:26,444  INFO AbstractController:136 ###################################################
2026-08-12T11:49:26,444  INFO AbstractController:137 ### ITERATION 9 BEGINS
2026-08-12T11:49:26,444  INFO ControllerListenerManagerImpl:195 calling notifyIterationStarts on org.matsim.analysis.LegTimesControllerListener with priority 0.0
2026-08-12T11:49:26,444  INFO EventsManagerImpl:135 === Logging of event-handlers skipped ===
2026-08-12T11:49:26,444  INFO EventsManagerImpl:136 To enable debug output, set an environment variable i.e. export LOG_LEVEL='debug', or use Configurator...Level.DEBUG) in your run class.
2026-08-12T11:49:26,444  INFO EventsManagerImpl:205     > org.matsim.api.core.v01.events.PersonDepartureEvent
2026-08-12T11:49:26,444  INFO EventsManagerImpl:205     > org.matsim.api.core.v01.events.PersonArrivalEvent
2026-08-12T11:49:26,444  INFO EventsManagerImpl:205     > org.matsim.api.core.v01.events.ActivityEndEvent
2026-08-12T11:49:26,444  INFO EventsManagerImpl:205     > org.matsim.api.core.v01.events.ActivityStartEvent
2026-08-12T11:49:26,444  INFO EventsManagerImpl:135 === Logging of event-handlers skipped ===
2026-08-12T11:49:26,444  INFO EventsManagerImpl:136 To enable debug output, set an environment variable i.e. export LOG_LEVEL='debug', or use Configurator...Level.DEBUG) in your run class.
2026-08-12T11:49:26,444  INFO EventsManagerImpl:205     > org.matsim.api.core.v01.events.PersonDepartureEvent
2026-08-12T11:49:26,444  INFO EventsManagerImpl:205     > org.matsim.api.core.v01.events.PersonArrivalEvent
2026-08-12T11:49:26,444  INFO EventsManagerImpl:205     > org.matsim.api.core.v01.events.ActivityEndEvent
2026-08-12T11:49:26,444  INFO EventsManagerImpl:205     > org.matsim.api.core.v01.events.ActivityStartEvent
2026-08-12T11:49:26,444  INFO ControllerListenerManagerImpl:195 calling notifyIterationStarts on org.matsim.analysis.LegHistogramListener with priority 0.0
2026-08-12T11:49:26,444  INFO EventsManagerImpl:135 === Logging of event-handlers skipped ===
2026-08-12T11:49:26,444  INFO EventsManagerImpl:136 To enable debug output, set an environment variable i.e. export LOG_LEVEL='debug', or use Configurator...Level.DEBUG) in your run class.
2026-08-12T11:49:26,444  INFO EventsManagerImpl:205     > org.matsim.api.core.v01.events.PersonDepartureEvent
2026-08-12T11:49:26,444  INFO EventsManagerImpl:205     > org.matsim.api.core.v01.events.PersonArrivalEvent
2026-08-12T11:49:26,444  INFO EventsManagerImpl:205     > org.matsim.api.core.v01.events.PersonStuckEvent
2026-08-12T11:49:26,444  INFO EventsManagerImpl:135 === Logging of event-handlers skipped ===
2026-08-12T11:49:26,444  INFO EventsManagerImpl:136 To enable debug output, set an environment variable i.e. export LOG_LEVEL='debug', or use Configurator...Level.DEBUG) in your run class.
2026-08-12T11:49:26,444  INFO EventsManagerImpl:205     > org.matsim.api.core.v01.events.PersonDepartureEvent
2026-08-12T11:49:26,444  INFO EventsManagerImpl:205     > org.matsim.api.core.v01.events.PersonArrivalEvent
2026-08-12T11:49:26,444  INFO EventsManagerImpl:205     > org.matsim.api.core.v01.events.PersonStuckEvent
2026-08-12T11:49:26,444  INFO ControllerListenerManagerImpl:195 calling notifyIterationStarts on org.matsim.analysis.LinkStatsControllerListener with priority 0.0
2026-08-12T11:49:26,444  INFO ControllerListenerManagerImpl:195 calling notifyIterationStarts on org.matsim.core.replanning.ReplanningContextImpl with priority 0.0
2026-08-12T11:49:26,444  INFO ControllerListenerManagerImpl:195 calling notifyIterationStarts on org.matsim.core.scoring.ScoringFunctionsForPopulation$$Lambda/0x00001e0001314a18 with priority 0.0
2026-08-12T11:49:26,444  INFO ControllerListenerManagerImpl:195 calling notifyIterationStarts on org.matsim.core.scoring.ExperiencedPlansServiceImpl with priority 0.0
2026-08-12T11:49:26,444  INFO ControllerListenerManagerImpl:198 [it.9] all ControllerIterationStartsListeners called.
2026-08-12T11:49:26,444  INFO ControllerListenerManagerImpl:274 calling notifyReplanning on org.matsim.core.controler.corelisteners.PlansReplanningImpl with priority 0.0
2026-08-12T11:49:26,445  INFO GenericPlanStrategyImpl:135 Plan-Strategy finished, 89 plans handled. Strategy: BestPlanSelector
2026-08-12T11:49:26,445  INFO AbstractMultithreadedModule:142 [PlanRouter] starting 2 threads, handling 11 plans
2026-08-12T11:49:26,445  INFO Counter:71 [PlanRouter] handled plan # 1
2026-08-12T11:49:26,445  INFO Counter:71 [PlanRouter] handled plan # 4
2026-08-12T11:49:26,445  INFO AbstractMultithreadedModule:157 [PlanRouter] all 2 threads finished.
2026-08-12T11:49:26,445  INFO GenericPlanStrategyImpl:135 Plan-Strategy finished, 11 plans handled. Strategy: RandomPlanSelector_ReRoute
2026-08-12T11:49:26,445  INFO ControllerListenerManagerImpl:283 [it.9] all ControllerReplanningListeners called.
2026-08-12T11:49:26,445  INFO ControllerListenerManagerImpl:300 calling notifyBeforeMobsim on org.matsim.core.controler.corelisteners.EventsHandlingImpl with priority 0.0
2026-08-12T11:49:26,445  INFO EventsManagerImpl:169 resetting Event-Handlers
2026-08-12T11:49:26,445  INFO EventsManagerImpl:175   org.matsim.core.trafficmonitoring.TravelTimeCalculator
2026-08-12T11:49:26,445  INFO EventsManagerImpl:175   org.matsim.analysis.VolumesAnalyzer
2026-08-12T11:49:26,445  INFO EventsManagerImpl:175   org.matsim.core.scoring.ScoringFunctionsForPopulation
2026-08-12T11:49:26,445  INFO EventsManagerImpl:175   org.matsim.analysis.CalcLegTimes
2026-08-12T11:49:26,445  INFO EventsManagerImpl:175   org.matsim.analysis.LegHistogram
2026-08-12T11:49:26,445  INFO ControllerListenerManagerImpl:300 calling notifyBeforeMobsim on org.matsim.core.controler.corelisteners.PlansDumpingImpl with priority 0.0
2026-08-12T11:49:26,445  INFO ControllerListenerManagerImpl:306 calling notifyBeforeMobsim on org.matsim.core.population.VspPlansCleaner with priority 0.0
2026-08-12T11:49:26,445  INFO ControllerListenerManagerImpl:309 [it.9] all ControlerBeforeMobsimListeners called.
2026-08-12T11:49:26,445  INFO Counter:71 [PersonPrepareForSim] handled person # 1
2026-08-12T11:49:26,445  INFO Counter:71 [PersonPrepareForSim] handled person # 4
2026-08-12T11:49:26,446  INFO Counter:71 [PersonPrepareForSim] handled person # 16
2026-08-12T11:49:26,446  INFO Counter:71 [PersonPrepareForSim] handled person # 64
2026-08-12T11:49:26,446  INFO Counter:76 [PersonPrepareForSim] handled person # 100
2026-08-12T11:49:26,449  INFO MobsimListenerManager:50 calling addQueueSimulationListener
2026-08-12T11:49:26,449  INFO MobsimListenerManager:54   assigned class org.matsim.core.mobsim.framework.listeners.MobsimListener to interface org.matsim.core.mobsim.framework.listeners.MobsimListener
2026-08-12T11:49:26,449  INFO MobsimListenerManager:54   assigned class org.matsim.core.mobsim.framework.listeners.MobsimListener to interface org.matsim.core.mobsim.framework.listeners.MobsimAfterSimStepListener
2026-08-12T11:49:26,449  INFO MobsimListenerManager:54   assigned class org.matsim.core.mobsim.framework.listeners.MobsimListener to interface org.matsim.core.mobsim.framework.listeners.MobsimBeforeCleanupListener
2026-08-12T11:49:26,449  INFO MobsimListenerManager:54   assigned class org.matsim.core.mobsim.framework.listeners.MobsimListener to interface org.matsim.core.mobsim.framework.listeners.MobsimInitializedListener
2026-08-12T11:49:26,449  INFO MobsimListenerManager:54   assigned class org.matsim.core.mobsim.framework.listeners.MobsimListener to interface org.matsim.vis.snapshotwriters.SnapshotWriterManager
2026-08-12T11:49:26,449  INFO QSimProvider:131 Added MobsimEngine class org.matsim.core.mobsim.qsim.ActivityEngineDefaultImpl
2026-08-12T11:49:26,449  INFO QSimProvider:137 Added Activityhandler class org.matsim.core.mobsim.qsim.ActivityEngineDefaultImpl
2026-08-12T11:49:26,450  INFO QSimProvider:131 Added MobsimEngine class org.matsim.core.mobsim.qsim.qnetsimengine.QNetsimEngineWithThreadpool
2026-08-12T11:49:26,450  INFO QSimProvider:143 Added DepartureHandler class org.matsim.core.mobsim.qsim.qnetsimengine.NetworkModeDepartureHandlerDefaultImpl
2026-08-12T11:49:26,450  INFO QSimProvider:131 Added MobsimEngine class org.matsim.core.mobsim.qsim.DefaultTeleportationEngine
2026-08-12T11:49:26,450  INFO QSimProvider:143 Added DepartureHandler class org.matsim.core.mobsim.qsim.DefaultTeleportationEngine
2026-08-12T11:49:26,450  INFO QSimProvider:149 Added AgentSource class org.matsim.core.mobsim.qsim.agents.PopulationAgentSource
2026-08-12T11:49:26,450  INFO MobsimListenerManager:50 calling addQueueSimulationListener
2026-08-12T11:49:26,450  INFO MobsimListenerManager:54   assigned class org.matsim.core.mobsim.framework.listeners.MobsimListener to interface org.matsim.core.mobsim.qsim.messagequeueengine.MessageQueueEngine
2026-08-12T11:49:26,450  INFO MobsimListenerManager:54   assigned class org.matsim.core.mobsim.framework.listeners.MobsimListener to interface org.matsim.core.mobsim.framework.listeners.MobsimListener
2026-08-12T11:49:26,450  INFO MobsimListenerManager:54   assigned class org.matsim.core.mobsim.framework.listeners.MobsimListener to interface org.matsim.core.mobsim.framework.listeners.MobsimBeforeSimStepListener
2026-08-12T11:49:26,450  INFO QSimProvider:155 Added MobsimListener class org.matsim.core.mobsim.qsim.messagequeueengine.MessageQueueEngine
2026-08-12T11:49:26,451  INFO AbstractQNetsimEngine:427 Assigned 15 nodes and 23 links to QSimEngineRunner #0
2026-08-12T11:49:26,451  INFO AbstractQNetsimEngine:365 SIMULATION (QNetsimEngine) AT 05:58:30 : #links=0 #nodes=0
2026-08-12T11:49:26,451  INFO QSim:551 SIMULATION (NEW QSim) AT 05:58:30 : #active agents=100 lost=0 simT=0.0s realT=0s; (s/r): 0.0
2026-08-12T11:49:26,453  INFO AbstractQNetsimEngine:365 SIMULATION (QNetsimEngine) AT 06:00:00 : #links=0 #nodes=0
2026-08-12T11:49:26,453  INFO QSim:551 SIMULATION (NEW QSim) AT 06:00:00 : #active agents=100 lost=0 simT=90.0s realT=0s; (s/r): Infinity
2026-08-12T11:49:26,502  INFO AbstractQNetsimEngine:365 SIMULATION (QNetsimEngine) AT 07:00:00 : #links=0 #nodes=0
2026-08-12T11:49:26,502  INFO QSim:551 SIMULATION (NEW QSim) AT 07:00:00 : #active agents=100 lost=0 simT=3690.0s realT=0s; (s/r): Infinity
2026-08-12T11:49:26,552  INFO AbstractQNetsimEngine:365 SIMULATION (QNetsimEngine) AT 08:00:00 : #links=0 #nodes=0
2026-08-12T11:49:26,552  INFO QSim:551 SIMULATION (NEW QSim) AT 08:00:00 : #active agents=100 lost=0 simT=7290.0s realT=0s; (s/r): Infinity
2026-08-12T11:49:26,604  INFO AbstractQNetsimEngine:365 SIMULATION (QNetsimEngine) AT 09:00:00 : #links=0 #nodes=0
2026-08-12T11:49:26,604  INFO QSim:551 SIMULATION (NEW QSim) AT 09:00:00 : #active agents=100 lost=0 simT=10890.0s realT=0s; (s/r): Infinity
2026-08-12T11:49:26,655  INFO AbstractQNetsimEngine:365 SIMULATION (QNetsimEngine) AT 10:00:00 : #links=0 #nodes=0
2026-08-12T11:49:26,655  INFO QSim:551 SIMULATION (NEW QSim) AT 10:00:00 : #active agents=100 lost=0 simT=14490.0s realT=0s; (s/r): Infinity
2026-08-12T11:49:26,706  INFO AbstractQNetsimEngine:365 SIMULATION (QNetsimEngine) AT 11:00:00 : #links=0 #nodes=0
2026-08-12T11:49:26,706  INFO QSim:551 SIMULATION (NEW QSim) AT 11:00:00 : #active agents=100 lost=0 simT=18090.0s realT=0s; (s/r): Infinity
2026-08-12T11:49:26,758  INFO AbstractQNetsimEngine:365 SIMULATION (QNetsimEngine) AT 12:00:00 : #links=0 #nodes=0
2026-08-12T11:49:26,759  INFO QSim:551 SIMULATION (NEW QSim) AT 12:00:00 : #active agents=100 lost=0 simT=21690.0s realT=0s; (s/r): Infinity
2026-08-12T11:49:26,809  INFO AbstractQNetsimEngine:365 SIMULATION (QNetsimEngine) AT 13:00:00 : #links=0 #nodes=0
2026-08-12T11:49:26,809  INFO QSim:551 SIMULATION (NEW QSim) AT 13:00:00 : #active agents=100 lost=0 simT=25290.0s realT=0s; (s/r): Infinity
2026-08-12T11:49:26,861  INFO AbstractQNetsimEngine:365 SIMULATION (QNetsimEngine) AT 14:00:00 : #links=0 #nodes=0
2026-08-12T11:49:26,861  INFO QSim:551 SIMULATION (NEW QSim) AT 14:00:00 : #active agents=100 lost=0 simT=28890.0s realT=0s; (s/r): Infinity
2026-08-12T11:49:26,911  INFO AbstractQNetsimEngine:365 SIMULATION (QNetsimEngine) AT 15:00:00 : #links=0 #nodes=0
2026-08-12T11:49:26,911  INFO QSim:551 SIMULATION (NEW QSim) AT 15:00:00 : #active agents=100 lost=0 simT=32490.0s realT=0s; (s/r): Infinity
2026-08-12T11:49:26,961  INFO AbstractQNetsimEngine:365 SIMULATION (QNetsimEngine) AT 16:00:00 : #links=0 #nodes=0
2026-08-12T11:49:26,961  INFO QSim:551 SIMULATION (NEW QSim) AT 16:00:00 : #active agents=100 lost=0 simT=36090.0s realT=0s; (s/r): Infinity
2026-08-12T11:49:27,013  INFO AbstractQNetsimEngine:365 SIMULATION (QNetsimEngine) AT 17:00:00 : #links=0 #nodes=0
2026-08-12T11:49:27,013  INFO QSim:551 SIMULATION (NEW QSim) AT 17:00:00 : #active agents=5 lost=0 simT=39690.0s realT=0s; (s/r): Infinity
2026-08-12T11:49:27,064  INFO AbstractQNetsimEngine:365 SIMULATION (QNetsimEngine) AT 18:00:00 : #links=0 #nodes=0
2026-08-12T11:49:27,064  INFO QSim:551 SIMULATION (NEW QSim) AT 18:00:00 : #active agents=4 lost=0 simT=43290.0s realT=0s; (s/r): Infinity
2026-08-12T11:49:27,115  INFO AbstractQNetsimEngine:365 SIMULATION (QNetsimEngine) AT 19:00:00 : #links=0 #nodes=0
2026-08-12T11:49:27,115  INFO QSim:551 SIMULATION (NEW QSim) AT 19:00:00 : #active agents=2 lost=0 simT=46890.0s realT=0s; (s/r): Infinity
2026-08-12T11:49:27,165  INFO AbstractQNetsimEngine:365 SIMULATION (QNetsimEngine) AT 20:00:00 : #links=0 #nodes=0
2026-08-12T11:49:27,165  INFO QSim:551 SIMULATION (NEW QSim) AT 20:00:00 : #active agents=2 lost=0 simT=50490.0s realT=0s; (s/r): Infinity
2026-08-12T11:49:27,215  INFO AbstractQNetsimEngine:365 SIMULATION (QNetsimEngine) AT 21:00:00 : #links=1 #nodes=0
2026-08-12T11:49:27,215  INFO QSim:551 SIMULATION (NEW QSim) AT 21:00:00 : #active agents=2 lost=0 simT=54090.0s realT=0s; (s/r): Infinity
2026-08-12T11:49:27,265  INFO AbstractQNetsimEngine:365 SIMULATION (QNetsimEngine) AT 22:00:00 : #links=0 #nodes=0
2026-08-12T11:49:27,265  INFO QSim:551 SIMULATION (NEW QSim) AT 22:00:00 : #active agents=2 lost=0 simT=57690.0s realT=0s; (s/r): Infinity
2026-08-12T11:49:27,315  INFO AbstractQNetsimEngine:365 SIMULATION (QNetsimEngine) AT 23:00:00 : #links=0 #nodes=0
2026-08-12T11:49:27,315  INFO QSim:551 SIMULATION (NEW QSim) AT 23:00:00 : #active agents=1 lost=0 simT=61290.0s realT=0s; (s/r): Infinity
2026-08-12T11:49:27,345  INFO AbstractController$9:237 ### ITERATION 9 fires after mobsim event
2026-08-12T11:49:27,345  INFO Gbl:196 Thread performance: Thread=class org.matsim.core.events.SimStepParallelEventsManagerImpl$ProcessEventsRunnable0  cpu-time=0.15788sec
2026-08-12T11:49:27,345  INFO ControllerListenerManagerImpl:331 calling notifyAfterMobsim on org.matsim.analysis.LegTimesControllerListener with priority 0.0
2026-08-12T11:49:27,345  INFO LegTimesControllerListener:73 [9] average leg duration is: 5742 seconds = 01:35:42
2026-08-12T11:49:27,345  INFO ControllerListenerManagerImpl:331 calling notifyAfterMobsim on org.matsim.core.events.MobsimScopeEventHandling with priority 0.0
2026-08-12T11:49:27,345  INFO ControllerListenerManagerImpl:331 calling notifyAfterMobsim on org.matsim.core.scoring.EventsToActivities$1 with priority 0.0
2026-08-12T11:49:27,346  INFO ControllerListenerManagerImpl:334 [it.9] all ControllerAfterMobsimListeners called.
2026-08-12T11:49:27,346  INFO AbstractController$4:162 ### ITERATION 9 fires scoring event
2026-08-12T11:49:27,346  INFO ControllerListenerManagerImpl:245 calling notifyScoring on org.matsim.core.scoring.PlansScoringImpl with priority 0.0
2026-08-12T11:49:27,346  INFO ControllerListenerManagerImpl:257 [it.9] all ControllerScoringListeners called.
2026-08-12T11:49:27,346  INFO AbstractController$5:170 ### ITERATION 9 fires iteration end event
2026-08-12T11:49:27,346  INFO ControllerListenerManagerImpl:216 calling notifyIterationEnds on org.matsim.core.controler.corelisteners.EventsHandlingImpl with priority 0.0
2026-08-12T11:49:27,346  INFO ControllerListenerManagerImpl:216 calling notifyIterationEnds on org.matsim.core.scoring.PlansScoringImpl with priority 0.0
2026-08-12T11:49:27,346  INFO ControllerListenerManagerImpl:224 calling notifyIterationEnds on org.matsim.counts.CountsControllerListener with priority 0.0
2026-08-12T11:49:27,346  INFO ControllerListenerManagerImpl:224 calling notifyIterationEnds on org.matsim.analysis.ModeChoiceCoverageControllerListener with priority 0.0
2026-08-12T11:49:27,346  INFO ModeChoiceCoverageControllerListener:144 -- mode choice coverage (1x) of mode car = 1.0
2026-08-12T11:49:27,346  INFO ModeChoiceCoverageControllerListener:144 -- mode choice coverage (5x) of mode car = 1.0
2026-08-12T11:49:27,346  INFO ModeChoiceCoverageControllerListener:144 -- mode choice coverage (10x) of mode car = 1.0
2026-08-12T11:49:27,385  INFO ControllerListenerManagerImpl:224 calling notifyIterationEnds on org.matsim.analysis.ModeStatsControllerListener with priority 0.0
2026-08-12T11:49:27,385  INFO ModeStatsControllerListener:132 Mode shares over all 201.0 trips found. MainModeIdentifier: class org.matsim.core.router.DefaultAnalysisMainModeIdentifier
2026-08-12T11:49:27,385  INFO ModeStatsControllerListener:139 -- mode share of mode car = 1.0
2026-08-12T11:49:27,410  INFO ControllerListenerManagerImpl:224 calling notifyIterationEnds on org.matsim.analysis.ScoreStatsControlerListener with priority 0.0
2026-08-12T11:49:27,410  INFO ScoreStatsControlerListener:154 -- avg. score of the executed plan of each agent: -14.559353320019229
2026-08-12T11:49:27,410  INFO ScoreStatsControlerListener:155 -- avg. score of the worst plan of each agent: -14.79327909866326
2026-08-12T11:49:27,410  INFO ScoreStatsControlerListener:156 -- avg. of the avg. plan score per agent: -14.660601329123091
2026-08-12T11:49:27,410  INFO ScoreStatsControlerListener:157 -- avg. score of the best plan of each agent: -14.555828052120953
2026-08-12T11:49:27,423  INFO ControllerListenerManagerImpl:224 calling notifyIterationEnds on org.matsim.analysis.IterationTravelStatsControllerListener with priority 0.0
2026-08-12T11:49:27,424  INFO TravelDistanceStats:113 -- average leg distance per plan (executed plans only): 19258.70646766169 meters
2026-08-12T11:49:27,424  INFO TravelDistanceStats:114 average leg distance per Person (executed plans only): 116130.0 meters (statistic on all 603 legs which have a finite distance)
2026-08-12T11:49:27,424  INFO TravelDistanceStats:115 -- average trip distance per plan (executed plans only): 57776.119402985074 meters
2026-08-12T11:49:27,424  INFO TravelDistanceStats:116 average trip distance per Person (executed plans only): 116130.0 meters (statistic on all 201 trips which have a finite distance)
2026-08-12T11:49:27,424  INFO TravelDistanceStats:117 (TravelDistanceStats takes an average over all legs where the simulation reports travelled (network) distances
2026-08-12T11:49:27,424  INFO TravelDistanceStats:118 (and teleported legs whose route contains a distance.)
2026-08-12T11:49:27,453  INFO ControllerListenerManagerImpl:224 calling notifyIterationEnds on org.matsim.analysis.LegTimesControllerListener with priority 0.0
2026-08-12T11:49:27,453  INFO EventsManagerImpl:160 removing Event-Handler: org.matsim.analysis.CalcLegTimes
2026-08-12T11:49:27,453  INFO EventsManagerImpl:160 removing Event-Handler: org.matsim.analysis.CalcLegTimes
2026-08-12T11:49:27,453  INFO ControllerListenerManagerImpl:224 calling notifyIterationEnds on org.matsim.analysis.LegHistogramListener with priority 0.0
2026-08-12T11:49:27,453  INFO LegHistogramListener:79 number of legs:	603	100%
2026-08-12T11:49:27,453  INFO LegHistogramListener:86 number of car legs:	201	33.333333333333336%
2026-08-12T11:49:27,453  INFO LegHistogramListener:86 number of walk legs:	402	66.66666666666667%
2026-08-12T11:49:27,511  INFO EventsManagerImpl:160 removing Event-Handler: org.matsim.analysis.LegHistogram
2026-08-12T11:49:27,511  INFO EventsManagerImpl:160 removing Event-Handler: org.matsim.analysis.LegHistogram
2026-08-12T11:49:27,511  INFO ControllerListenerManagerImpl:224 calling notifyIterationEnds on org.matsim.analysis.LinkStatsControllerListener with priority 0.0
2026-08-12T11:49:27,511  INFO ControllerListenerManagerImpl:228 [it.9] all ControllerIterationEndsListeners called.
2026-08-12T11:49:27,530  INFO AbstractController:184 ### ITERATION 9 ENDS
2026-08-12T11:49:27,530  INFO AbstractController:185 ###################################################
2026-08-12T11:49:27,530  INFO AbstractController:136 ###################################################
2026-08-12T11:49:27,530  INFO AbstractController:137 ### ITERATION 10 BEGINS
2026-08-12T11:49:27,530  INFO ControllerListenerManagerImpl:195 calling notifyIterationStarts on org.matsim.analysis.LegTimesControllerListener with priority 0.0
2026-08-12T11:49:27,530  INFO EventsManagerImpl:135 === Logging of event-handlers skipped ===
2026-08-12T11:49:27,530  INFO EventsManagerImpl:136 To enable debug output, set an environment variable i.e. export LOG_LEVEL='debug', or use Configurator...Level.DEBUG) in your run class.
2026-08-12T11:49:27,530  INFO EventsManagerImpl:205     > org.matsim.api.core.v01.events.PersonDepartureEvent
2026-08-12T11:49:27,530  INFO EventsManagerImpl:205     > org.matsim.api.core.v01.events.PersonArrivalEvent
2026-08-12T11:49:27,530  INFO EventsManagerImpl:205     > org.matsim.api.core.v01.events.ActivityEndEvent
2026-08-12T11:49:27,530  INFO EventsManagerImpl:205     > org.matsim.api.core.v01.events.ActivityStartEvent
2026-08-12T11:49:27,530  INFO EventsManagerImpl:135 === Logging of event-handlers skipped ===
2026-08-12T11:49:27,530  INFO EventsManagerImpl:136 To enable debug output, set an environment variable i.e. export LOG_LEVEL='debug', or use Configurator...Level.DEBUG) in your run class.
2026-08-12T11:49:27,530  INFO EventsManagerImpl:205     > org.matsim.api.core.v01.events.PersonDepartureEvent
2026-08-12T11:49:27,530  INFO EventsManagerImpl:205     > org.matsim.api.core.v01.events.PersonArrivalEvent
2026-08-12T11:49:27,530  INFO EventsManagerImpl:205     > org.matsim.api.core.v01.events.ActivityEndEvent
2026-08-12T11:49:27,530  INFO EventsManagerImpl:205     > org.matsim.api.core.v01.events.ActivityStartEvent
2026-08-12T11:49:27,530  INFO ControllerListenerManagerImpl:195 calling notifyIterationStarts on org.matsim.analysis.LegHistogramListener with priority 0.0
2026-08-12T11:49:27,530  INFO EventsManagerImpl:135 === Logging of event-handlers skipped ===
2026-08-12T11:49:27,530  INFO EventsManagerImpl:136 To enable debug output, set an environment variable i.e. export LOG_LEVEL='debug', or use Configurator...Level.DEBUG) in your run class.
2026-08-12T11:49:27,530  INFO EventsManagerImpl:205     > org.matsim.api.core.v01.events.PersonDepartureEvent
2026-08-12T11:49:27,530  INFO EventsManagerImpl:205     > org.matsim.api.core.v01.events.PersonArrivalEvent
2026-08-12T11:49:27,530  INFO EventsManagerImpl:205     > org.matsim.api.core.v01.events.PersonStuckEvent
2026-08-12T11:49:27,530  INFO EventsManagerImpl:135 === Logging of event-handlers skipped ===
2026-08-12T11:49:27,530  INFO EventsManagerImpl:136 To enable debug output, set an environment variable i.e. export LOG_LEVEL='debug', or use Configurator...Level.DEBUG) in your run class.
2026-08-12T11:49:27,530  INFO EventsManagerImpl:205     > org.matsim.api.core.v01.events.PersonDepartureEvent
2026-08-12T11:49:27,531  INFO EventsManagerImpl:205     > org.matsim.api.core.v01.events.PersonArrivalEvent
2026-08-12T11:49:27,531  INFO EventsManagerImpl:205     > org.matsim.api.core.v01.events.PersonStuckEvent
2026-08-12T11:49:27,531  INFO ControllerListenerManagerImpl:195 calling notifyIterationStarts on org.matsim.analysis.LinkStatsControllerListener with priority 0.0
2026-08-12T11:49:27,531  INFO ControllerListenerManagerImpl:195 calling notifyIterationStarts on org.matsim.core.replanning.ReplanningContextImpl with priority 0.0
2026-08-12T11:49:27,531  INFO ControllerListenerManagerImpl:195 calling notifyIterationStarts on org.matsim.core.scoring.ScoringFunctionsForPopulation$$Lambda/0x00001e0001314a18 with priority 0.0
2026-08-12T11:49:27,531  INFO ControllerListenerManagerImpl:195 calling notifyIterationStarts on org.matsim.core.scoring.ExperiencedPlansServiceImpl with priority 0.0
2026-08-12T11:49:27,531  INFO ControllerListenerManagerImpl:198 [it.10] all ControllerIterationStartsListeners called.
2026-08-12T11:49:27,531  INFO ControllerListenerManagerImpl:274 calling notifyReplanning on org.matsim.core.controler.corelisteners.PlansReplanningImpl with priority 0.0
2026-08-12T11:49:27,531  INFO GenericPlanStrategyImpl:135 Plan-Strategy finished, 88 plans handled. Strategy: BestPlanSelector
2026-08-12T11:49:27,531  INFO AbstractMultithreadedModule:142 [PlanRouter] starting 2 threads, handling 12 plans
2026-08-12T11:49:27,532  INFO Counter:71 [PlanRouter] handled plan # 1
2026-08-12T11:49:27,532  INFO Counter:71 [PlanRouter] handled plan # 4
2026-08-12T11:49:27,532  INFO AbstractMultithreadedModule:157 [PlanRouter] all 2 threads finished.
2026-08-12T11:49:27,532  INFO GenericPlanStrategyImpl:135 Plan-Strategy finished, 12 plans handled. Strategy: RandomPlanSelector_ReRoute
2026-08-12T11:49:27,532  INFO ControllerListenerManagerImpl:283 [it.10] all ControllerReplanningListeners called.
2026-08-12T11:49:27,532  INFO ControllerListenerManagerImpl:300 calling notifyBeforeMobsim on org.matsim.core.controler.corelisteners.EventsHandlingImpl with priority 0.0
2026-08-12T11:49:27,532  INFO EventsManagerImpl:169 resetting Event-Handlers
2026-08-12T11:49:27,532  INFO EventsManagerImpl:175   org.matsim.core.trafficmonitoring.TravelTimeCalculator
2026-08-12T11:49:27,532  INFO EventsManagerImpl:175   org.matsim.analysis.VolumesAnalyzer
2026-08-12T11:49:27,532  INFO EventsManagerImpl:175   org.matsim.core.scoring.ScoringFunctionsForPopulation
2026-08-12T11:49:27,532  INFO EventsManagerImpl:175   org.matsim.analysis.CalcLegTimes
2026-08-12T11:49:27,532  INFO EventsManagerImpl:175   org.matsim.analysis.LegHistogram
2026-08-12T11:49:27,533  INFO EventsManagerImpl:135 === Logging of event-handlers skipped ===
2026-08-12T11:49:27,533  INFO EventsManagerImpl:136 To enable debug output, set an environment variable i.e. export LOG_LEVEL='debug', or use Configurator...Level.DEBUG) in your run class.
2026-08-12T11:49:27,533  INFO EventsManagerImpl:205     > org.matsim.api.core.v01.events.Event
2026-08-12T11:49:27,533  INFO EventsManagerImpl:135 === Logging of event-handlers skipped ===
2026-08-12T11:49:27,533  INFO EventsManagerImpl:136 To enable debug output, set an environment variable i.e. export LOG_LEVEL='debug', or use Configurator...Level.DEBUG) in your run class.
2026-08-12T11:49:27,533  INFO EventsManagerImpl:205     > org.matsim.api.core.v01.events.Event
2026-08-12T11:49:27,533  INFO ControllerListenerManagerImpl:300 calling notifyBeforeMobsim on org.matsim.core.controler.corelisteners.PlansDumpingImpl with priority 0.0
2026-08-12T11:49:27,533  INFO ControllerListenerManagerImpl:306 calling notifyBeforeMobsim on org.matsim.core.population.VspPlansCleaner with priority 0.0
2026-08-12T11:49:27,533  INFO ControllerListenerManagerImpl:309 [it.10] all ControlerBeforeMobsimListeners called.
2026-08-12T11:49:27,533  INFO Counter:71 [PersonPrepareForSim] handled person # 1
2026-08-12T11:49:27,533  INFO Counter:71 [PersonPrepareForSim] handled person # 4
2026-08-12T11:49:27,533  INFO Counter:71 [PersonPrepareForSim] handled person # 16
2026-08-12T11:49:27,533  INFO Counter:71 [PersonPrepareForSim] handled person # 64
2026-08-12T11:49:27,534  INFO Counter:76 [PersonPrepareForSim] handled person # 100
2026-08-12T11:49:27,537  INFO MobsimListenerManager:50 calling addQueueSimulationListener
2026-08-12T11:49:27,537  INFO MobsimListenerManager:54   assigned class org.matsim.core.mobsim.framework.listeners.MobsimListener to interface org.matsim.core.mobsim.framework.listeners.MobsimListener
2026-08-12T11:49:27,537  INFO MobsimListenerManager:54   assigned class org.matsim.core.mobsim.framework.listeners.MobsimListener to interface org.matsim.core.mobsim.framework.listeners.MobsimAfterSimStepListener
2026-08-12T11:49:27,537  INFO MobsimListenerManager:54   assigned class org.matsim.core.mobsim.framework.listeners.MobsimListener to interface org.matsim.core.mobsim.framework.listeners.MobsimBeforeCleanupListener
2026-08-12T11:49:27,537  INFO MobsimListenerManager:54   assigned class org.matsim.core.mobsim.framework.listeners.MobsimListener to interface org.matsim.core.mobsim.framework.listeners.MobsimInitializedListener
2026-08-12T11:49:27,537  INFO MobsimListenerManager:54   assigned class org.matsim.core.mobsim.framework.listeners.MobsimListener to interface org.matsim.vis.snapshotwriters.SnapshotWriterManager
2026-08-12T11:49:27,537  INFO QSimProvider:131 Added MobsimEngine class org.matsim.core.mobsim.qsim.ActivityEngineDefaultImpl
2026-08-12T11:49:27,537  INFO QSimProvider:137 Added Activityhandler class org.matsim.core.mobsim.qsim.ActivityEngineDefaultImpl
2026-08-12T11:49:27,537  INFO QSimProvider:131 Added MobsimEngine class org.matsim.core.mobsim.qsim.qnetsimengine.QNetsimEngineWithThreadpool
2026-08-12T11:49:27,537  INFO QSimProvider:143 Added DepartureHandler class org.matsim.core.mobsim.qsim.qnetsimengine.NetworkModeDepartureHandlerDefaultImpl
2026-08-12T11:49:27,537  INFO QSimProvider:131 Added MobsimEngine class org.matsim.core.mobsim.qsim.DefaultTeleportationEngine
2026-08-12T11:49:27,537  INFO QSimProvider:143 Added DepartureHandler class org.matsim.core.mobsim.qsim.DefaultTeleportationEngine
2026-08-12T11:49:27,537  INFO QSimProvider:149 Added AgentSource class org.matsim.core.mobsim.qsim.agents.PopulationAgentSource
2026-08-12T11:49:27,537  INFO MobsimListenerManager:50 calling addQueueSimulationListener
2026-08-12T11:49:27,537  INFO MobsimListenerManager:54   assigned class org.matsim.core.mobsim.framework.listeners.MobsimListener to interface org.matsim.core.mobsim.qsim.messagequeueengine.MessageQueueEngine
2026-08-12T11:49:27,537  INFO MobsimListenerManager:54   assigned class org.matsim.core.mobsim.framework.listeners.MobsimListener to interface org.matsim.core.mobsim.framework.listeners.MobsimListener
2026-08-12T11:49:27,537  INFO MobsimListenerManager:54   assigned class org.matsim.core.mobsim.framework.listeners.MobsimListener to interface org.matsim.core.mobsim.framework.listeners.MobsimBeforeSimStepListener
2026-08-12T11:49:27,537  INFO QSimProvider:155 Added MobsimListener class org.matsim.core.mobsim.qsim.messagequeueengine.MessageQueueEngine
2026-08-12T11:49:27,538  INFO AbstractQNetsimEngine:427 Assigned 15 nodes and 23 links to QSimEngineRunner #0
2026-08-12T11:49:27,538  INFO AbstractQNetsimEngine:365 SIMULATION (QNetsimEngine) AT 05:58:30 : #links=0 #nodes=0
2026-08-12T11:49:27,538  INFO QSim:551 SIMULATION (NEW QSim) AT 05:58:30 : #active agents=100 lost=0 simT=0.0s realT=0s; (s/r): 0.0
2026-08-12T11:49:27,540  INFO AbstractQNetsimEngine:365 SIMULATION (QNetsimEngine) AT 06:00:00 : #links=0 #nodes=0
2026-08-12T11:49:27,540  INFO QSim:551 SIMULATION (NEW QSim) AT 06:00:00 : #active agents=100 lost=0 simT=90.0s realT=0s; (s/r): Infinity
2026-08-12T11:49:27,591  INFO AbstractQNetsimEngine:365 SIMULATION (QNetsimEngine) AT 07:00:00 : #links=0 #nodes=0
2026-08-12T11:49:27,591  INFO QSim:551 SIMULATION (NEW QSim) AT 07:00:00 : #active agents=100 lost=0 simT=3690.0s realT=0s; (s/r): Infinity
2026-08-12T11:49:27,641  INFO AbstractQNetsimEngine:365 SIMULATION (QNetsimEngine) AT 08:00:00 : #links=0 #nodes=0
2026-08-12T11:49:27,641  INFO QSim:551 SIMULATION (NEW QSim) AT 08:00:00 : #active agents=100 lost=0 simT=7290.0s realT=0s; (s/r): Infinity
2026-08-12T11:49:27,695  INFO AbstractQNetsimEngine:365 SIMULATION (QNetsimEngine) AT 09:00:00 : #links=0 #nodes=0
2026-08-12T11:49:27,695  INFO QSim:551 SIMULATION (NEW QSim) AT 09:00:00 : #active agents=100 lost=0 simT=10890.0s realT=0s; (s/r): Infinity
2026-08-12T11:49:27,747  INFO AbstractQNetsimEngine:365 SIMULATION (QNetsimEngine) AT 10:00:00 : #links=0 #nodes=0
2026-08-12T11:49:27,747  INFO QSim:551 SIMULATION (NEW QSim) AT 10:00:00 : #active agents=100 lost=0 simT=14490.0s realT=0s; (s/r): Infinity
2026-08-12T11:49:27,799  INFO AbstractQNetsimEngine:365 SIMULATION (QNetsimEngine) AT 11:00:00 : #links=0 #nodes=0
2026-08-12T11:49:27,799  INFO QSim:551 SIMULATION (NEW QSim) AT 11:00:00 : #active agents=100 lost=0 simT=18090.0s realT=0s; (s/r): Infinity
2026-08-12T11:49:27,851  INFO AbstractQNetsimEngine:365 SIMULATION (QNetsimEngine) AT 12:00:00 : #links=0 #nodes=0
2026-08-12T11:49:27,851  INFO QSim:551 SIMULATION (NEW QSim) AT 12:00:00 : #active agents=100 lost=0 simT=21690.0s realT=0s; (s/r): Infinity
2026-08-12T11:49:27,902  INFO AbstractQNetsimEngine:365 SIMULATION (QNetsimEngine) AT 13:00:00 : #links=0 #nodes=0
2026-08-12T11:49:27,902  INFO QSim:551 SIMULATION (NEW QSim) AT 13:00:00 : #active agents=100 lost=0 simT=25290.0s realT=0s; (s/r): Infinity
2026-08-12T11:49:27,953  INFO AbstractQNetsimEngine:365 SIMULATION (QNetsimEngine) AT 14:00:00 : #links=0 #nodes=0
2026-08-12T11:49:27,953  INFO QSim:551 SIMULATION (NEW QSim) AT 14:00:00 : #active agents=100 lost=0 simT=28890.0s realT=0s; (s/r): Infinity
2026-08-12T11:49:28,004  INFO AbstractQNetsimEngine:365 SIMULATION (QNetsimEngine) AT 15:00:00 : #links=0 #nodes=0
2026-08-12T11:49:28,004  INFO QSim:551 SIMULATION (NEW QSim) AT 15:00:00 : #active agents=100 lost=0 simT=32490.0s realT=0s; (s/r): Infinity
2026-08-12T11:49:28,054  INFO AbstractQNetsimEngine:365 SIMULATION (QNetsimEngine) AT 16:00:00 : #links=0 #nodes=0
2026-08-12T11:49:28,054  INFO QSim:551 SIMULATION (NEW QSim) AT 16:00:00 : #active agents=100 lost=0 simT=36090.0s realT=0s; (s/r): Infinity
2026-08-12T11:49:28,106  INFO AbstractQNetsimEngine:365 SIMULATION (QNetsimEngine) AT 17:00:00 : #links=0 #nodes=0
2026-08-12T11:49:28,106  INFO QSim:551 SIMULATION (NEW QSim) AT 17:00:00 : #active agents=5 lost=0 simT=39690.0s realT=0s; (s/r): Infinity
2026-08-12T11:49:28,157  INFO AbstractQNetsimEngine:365 SIMULATION (QNetsimEngine) AT 18:00:00 : #links=0 #nodes=0
2026-08-12T11:49:28,157  INFO QSim:551 SIMULATION (NEW QSim) AT 18:00:00 : #active agents=4 lost=0 simT=43290.0s realT=0s; (s/r): Infinity
2026-08-12T11:49:28,208  INFO AbstractQNetsimEngine:365 SIMULATION (QNetsimEngine) AT 19:00:00 : #links=0 #nodes=0
2026-08-12T11:49:28,208  INFO QSim:551 SIMULATION (NEW QSim) AT 19:00:00 : #active agents=2 lost=0 simT=46890.0s realT=0s; (s/r): Infinity
2026-08-12T11:49:28,259  INFO AbstractQNetsimEngine:365 SIMULATION (QNetsimEngine) AT 20:00:00 : #links=0 #nodes=0
2026-08-12T11:49:28,259  INFO QSim:551 SIMULATION (NEW QSim) AT 20:00:00 : #active agents=2 lost=0 simT=50490.0s realT=0s; (s/r): Infinity
2026-08-12T11:49:28,308  INFO AbstractQNetsimEngine:365 SIMULATION (QNetsimEngine) AT 21:00:00 : #links=1 #nodes=0
2026-08-12T11:49:28,308  INFO QSim:551 SIMULATION (NEW QSim) AT 21:00:00 : #active agents=2 lost=0 simT=54090.0s realT=0s; (s/r): Infinity
2026-08-12T11:49:28,358  INFO AbstractQNetsimEngine:365 SIMULATION (QNetsimEngine) AT 22:00:00 : #links=0 #nodes=0
2026-08-12T11:49:28,358  INFO QSim:551 SIMULATION (NEW QSim) AT 22:00:00 : #active agents=2 lost=0 simT=57690.0s realT=0s; (s/r): Infinity
2026-08-12T11:49:28,408  INFO AbstractQNetsimEngine:365 SIMULATION (QNetsimEngine) AT 23:00:00 : #links=0 #nodes=0
2026-08-12T11:49:28,408  INFO QSim:551 SIMULATION (NEW QSim) AT 23:00:00 : #active agents=1 lost=0 simT=61290.0s realT=0s; (s/r): Infinity
2026-08-12T11:49:28,438  INFO AbstractController$9:237 ### ITERATION 10 fires after mobsim event
2026-08-12T11:49:28,438  INFO Gbl:196 Thread performance: Thread=class org.matsim.core.events.SimStepParallelEventsManagerImpl$ProcessEventsRunnable0  cpu-time=0.160784sec
2026-08-12T11:49:28,438  INFO ControllerListenerManagerImpl:331 calling notifyAfterMobsim on org.matsim.analysis.LegTimesControllerListener with priority 0.0
2026-08-12T11:49:28,438  INFO LegTimesControllerListener:73 [10] average leg duration is: 5742 seconds = 01:35:42
2026-08-12T11:49:28,438  INFO ControllerListenerManagerImpl:331 calling notifyAfterMobsim on org.matsim.core.events.MobsimScopeEventHandling with priority 0.0
2026-08-12T11:49:28,438  INFO ControllerListenerManagerImpl:331 calling notifyAfterMobsim on org.matsim.core.scoring.EventsToActivities$1 with priority 0.0
2026-08-12T11:49:28,438  INFO ControllerListenerManagerImpl:334 [it.10] all ControllerAfterMobsimListeners called.
2026-08-12T11:49:28,438  INFO AbstractController$4:162 ### ITERATION 10 fires scoring event
2026-08-12T11:49:28,438  INFO ControllerListenerManagerImpl:245 calling notifyScoring on org.matsim.core.scoring.PlansScoringImpl with priority 0.0
2026-08-12T11:49:28,439  INFO ControllerListenerManagerImpl:257 [it.10] all ControllerScoringListeners called.
2026-08-12T11:49:28,439  INFO AbstractController$5:170 ### ITERATION 10 fires iteration end event
2026-08-12T11:49:28,439  INFO ControllerListenerManagerImpl:216 calling notifyIterationEnds on org.matsim.core.controler.corelisteners.EventsHandlingImpl with priority 0.0
2026-08-12T11:49:28,439  INFO EventsManagerImpl:160 removing Event-Handler: org.matsim.core.events.algorithms.EventWriterXML
2026-08-12T11:49:28,439  INFO EventsManagerImpl:160 removing Event-Handler: org.matsim.core.events.algorithms.EventWriterXML
2026-08-12T11:49:28,439  INFO ControllerListenerManagerImpl:216 calling notifyIterationEnds on org.matsim.core.scoring.PlansScoringImpl with priority 0.0
2026-08-12T11:49:28,439  WARN ExperiencedPlansServiceImpl:100 agentsRecords.size=100
2026-08-12T11:49:28,439  INFO Counter:71 PopulationImpl; person # 1
2026-08-12T11:49:28,439  INFO Counter:71 PopulationImpl; person # 4
2026-08-12T11:49:28,439  INFO Counter:71 PopulationImpl; person # 16
2026-08-12T11:49:28,439  INFO Counter:71 PopulationImpl; person # 64
2026-08-12T11:49:28,440  WARN ObjectAttributesConverter:96 No AttributeConverter found for class org.matsim.api.core.v01.Id$IdImpl. Not all attribute values can be converted.
2026-08-12T11:49:28,440  INFO Counter:71 [PopulationWriter] dumped person # 1
2026-08-12T11:49:28,440  INFO Counter:71 [PopulationWriter] dumped person # 4
2026-08-12T11:49:28,441  INFO Counter:71 [PopulationWriter] dumped person # 16
2026-08-12T11:49:28,442  INFO Counter:71 [PopulationWriter] dumped person # 64
2026-08-12T11:49:28,443  INFO PopulationWriter:150 Population written to: ./output/ITERS/it.10/10.experienced_plans.xml.zst
2026-08-12T11:49:28,443  INFO Counter:76 [PopulationWriter] dumped person # 100
2026-08-12T11:49:28,444  INFO ControllerListenerManagerImpl:224 calling notifyIterationEnds on org.matsim.counts.CountsControllerListener with priority 0.0
2026-08-12T11:49:28,444  INFO ControllerListenerManagerImpl:224 calling notifyIterationEnds on org.matsim.analysis.ModeChoiceCoverageControllerListener with priority 0.0
2026-08-12T11:49:28,444  INFO ModeChoiceCoverageControllerListener:144 -- mode choice coverage (1x) of mode car = 1.0
2026-08-12T11:49:28,444  INFO ModeChoiceCoverageControllerListener:144 -- mode choice coverage (5x) of mode car = 1.0
2026-08-12T11:49:28,444  INFO ModeChoiceCoverageControllerListener:144 -- mode choice coverage (10x) of mode car = 1.0
2026-08-12T11:49:28,484  INFO ControllerListenerManagerImpl:224 calling notifyIterationEnds on org.matsim.analysis.ModeStatsControllerListener with priority 0.0
2026-08-12T11:49:28,484  INFO ModeStatsControllerListener:132 Mode shares over all 201.0 trips found. MainModeIdentifier: class org.matsim.core.router.DefaultAnalysisMainModeIdentifier
2026-08-12T11:49:28,484  INFO ModeStatsControllerListener:139 -- mode share of mode car = 1.0
2026-08-12T11:49:28,510  INFO ControllerListenerManagerImpl:224 calling notifyIterationEnds on org.matsim.analysis.ScoreStatsControlerListener with priority 0.0
2026-08-12T11:49:28,510  INFO ScoreStatsControlerListener:154 -- avg. score of the executed plan of each agent: -14.558326688763753
2026-08-12T11:49:28,510  INFO ScoreStatsControlerListener:155 -- avg. score of the worst plan of each agent: -14.791850568048295
2026-08-12T11:49:28,510  INFO ScoreStatsControlerListener:156 -- avg. of the avg. plan score per agent: -14.65730039354534
2026-08-12T11:49:28,510  INFO ScoreStatsControlerListener:157 -- avg. score of the best plan of each agent: -14.555130962409258
2026-08-12T11:49:28,522  INFO ControllerListenerManagerImpl:224 calling notifyIterationEnds on org.matsim.analysis.IterationTravelStatsControllerListener with priority 0.0
2026-08-12T11:49:28,523  INFO TravelDistanceStats:113 -- average leg distance per plan (executed plans only): 19258.70646766169 meters
2026-08-12T11:49:28,523  INFO TravelDistanceStats:114 average leg distance per Person (executed plans only): 116130.0 meters (statistic on all 603 legs which have a finite distance)
2026-08-12T11:49:28,524  INFO TravelDistanceStats:115 -- average trip distance per plan (executed plans only): 57776.119402985074 meters
2026-08-12T11:49:28,524  INFO TravelDistanceStats:116 average trip distance per Person (executed plans only): 116130.0 meters (statistic on all 201 trips which have a finite distance)
2026-08-12T11:49:28,524  INFO TravelDistanceStats:117 (TravelDistanceStats takes an average over all legs where the simulation reports travelled (network) distances
2026-08-12T11:49:28,524  INFO TravelDistanceStats:118 (and teleported legs whose route contains a distance.)
2026-08-12T11:49:28,555  INFO ActivityWriter:39 Writing all Activities to activitiescsv
2026-08-12T11:49:28,556  INFO ActivityWriter:59 ...done
2026-08-12T11:49:28,556  INFO ControllerListenerManagerImpl:224 calling notifyIterationEnds on org.matsim.analysis.LegTimesControllerListener with priority 0.0
2026-08-12T11:49:28,556  INFO EventsManagerImpl:160 removing Event-Handler: org.matsim.analysis.CalcLegTimes
2026-08-12T11:49:28,556  INFO EventsManagerImpl:160 removing Event-Handler: org.matsim.analysis.CalcLegTimes
2026-08-12T11:49:28,557  INFO ControllerListenerManagerImpl:224 calling notifyIterationEnds on org.matsim.analysis.LegHistogramListener with priority 0.0
2026-08-12T11:49:28,557  INFO LegHistogramListener:79 number of legs:	603	100%
2026-08-12T11:49:28,557  INFO LegHistogramListener:86 number of car legs:	201	33.333333333333336%
2026-08-12T11:49:28,557  INFO LegHistogramListener:86 number of walk legs:	402	66.66666666666667%
2026-08-12T11:49:28,614  INFO EventsManagerImpl:160 removing Event-Handler: org.matsim.analysis.LegHistogram
2026-08-12T11:49:28,614  INFO EventsManagerImpl:160 removing Event-Handler: org.matsim.analysis.LegHistogram
2026-08-12T11:49:28,614  INFO ControllerListenerManagerImpl:224 calling notifyIterationEnds on org.matsim.analysis.LinkStatsControllerListener with priority 0.0
2026-08-12T11:49:28,614  INFO ControllerListenerManagerImpl:228 [it.10] all ControllerIterationEndsListeners called.
2026-08-12T11:49:28,634  INFO AbstractController:184 ### ITERATION 10 ENDS
2026-08-12T11:49:28,634  INFO AbstractController:185 ###################################################
2026-08-12T11:49:28,634  INFO MatsimRuntimeModifications:81 S H U T D O W N   ---   start shutdown.
2026-08-12T11:49:28,635  INFO ControllerListenerManagerImpl:155 calling notifyShutdown on org.matsim.core.controler.corelisteners.EventsHandlingImpl with priority 0.0
2026-08-12T11:49:28,635  INFO ControllerListenerManagerImpl:155 calling notifyShutdown on org.matsim.core.controler.corelisteners.DumpDataAtEndImpl with priority 0.0
2026-08-12T11:49:28,635  INFO Counter:71 [PopulationWriter] dumped person # 1
2026-08-12T11:49:28,636  INFO Counter:71 [PopulationWriter] dumped person # 4
2026-08-12T11:49:28,636  INFO Counter:71 [PopulationWriter] dumped person # 16
2026-08-12T11:49:28,637  INFO Counter:71 [PopulationWriter] dumped person # 64
2026-08-12T11:49:28,638  INFO PopulationWriter:150 Population written to: ./output/output_plans.xml.zst
2026-08-12T11:49:28,638  INFO Counter:76 [PopulationWriter] dumped person # 100
2026-08-12T11:49:28,638  INFO NetworkWriter:70 Writing network to file: ./output/output_network.xml.zst...
2026-08-12T11:49:28,639  INFO NetworkWriter:73 done.
2026-08-12T11:49:28,641  INFO Config:457 setting context to [file:/Users/artyomkholodkov/Desktop/matsim-montpellier/scenarios/equil/]
2026-08-12T11:49:28,642  INFO Config:457 setting context to [file:/Users/artyomkholodkov/Desktop/matsim-montpellier/scenarios/equil/]
2026-08-12T11:49:28,643  INFO Config:457 setting context to [file:/Users/artyomkholodkov/Desktop/matsim-montpellier/scenarios/equil/]
2026-08-12T11:49:28,644  INFO Config:457 setting context to [file:/Users/artyomkholodkov/Desktop/matsim-montpellier/scenarios/equil/]
2026-08-12T11:49:28,644  INFO Config:457 setting context to [file:/Users/artyomkholodkov/Desktop/matsim-montpellier/scenarios/equil/]
2026-08-12T11:49:28,645  INFO Config:457 setting context to [file:/Users/artyomkholodkov/Desktop/matsim-montpellier/scenarios/equil/]
2026-08-12T11:49:28,645  INFO Config:457 setting context to [file:/Users/artyomkholodkov/Desktop/matsim-montpellier/scenarios/equil/]
2026-08-12T11:49:28,645  INFO Config:457 setting context to [file:/Users/artyomkholodkov/Desktop/matsim-montpellier/scenarios/equil/]
2026-08-12T11:49:28,646  INFO Config:457 setting context to [file:/Users/artyomkholodkov/Desktop/matsim-montpellier/scenarios/equil/]
2026-08-12T11:49:28,646  INFO Config:457 setting context to [file:/Users/artyomkholodkov/Desktop/matsim-montpellier/scenarios/equil/]
2026-08-12T11:49:28,646  INFO Config:457 setting context to [file:/Users/artyomkholodkov/Desktop/matsim-montpellier/scenarios/equil/]
2026-08-12T11:49:28,647  INFO Config:457 setting context to [file:/Users/artyomkholodkov/Desktop/matsim-montpellier/scenarios/equil/]
2026-08-12T11:49:28,647  INFO Config:457 setting context to [file:/Users/artyomkholodkov/Desktop/matsim-montpellier/scenarios/equil/]
2026-08-12T11:49:28,647  INFO Config:457 setting context to [file:/Users/artyomkholodkov/Desktop/matsim-montpellier/scenarios/equil/]
2026-08-12T11:49:28,648  INFO Config:457 setting context to [file:/Users/artyomkholodkov/Desktop/matsim-montpellier/scenarios/equil/]
2026-08-12T11:49:28,649  INFO Config:457 setting context to [file:/Users/artyomkholodkov/Desktop/matsim-montpellier/scenarios/equil/]
2026-08-12T11:49:28,649  INFO Config:457 setting context to [file:/Users/artyomkholodkov/Desktop/matsim-montpellier/scenarios/equil/]
2026-08-12T11:49:28,649  INFO Config:457 setting context to [file:/Users/artyomkholodkov/Desktop/matsim-montpellier/scenarios/equil/]
2026-08-12T11:49:28,650  INFO Config:457 setting context to [file:/Users/artyomkholodkov/Desktop/matsim-montpellier/scenarios/equil/]
2026-08-12T11:49:28,652  INFO Config:457 setting context to [file:/Users/artyomkholodkov/Desktop/matsim-montpellier/scenarios/equil/]
2026-08-12T11:49:28,652  INFO Config:457 setting context to [file:/Users/artyomkholodkov/Desktop/matsim-montpellier/scenarios/equil/]
2026-08-12T11:49:28,653  INFO Config:457 setting context to [file:/Users/artyomkholodkov/Desktop/matsim-montpellier/scenarios/equil/]
2026-08-12T11:49:28,653  INFO Config:457 setting context to [file:/Users/artyomkholodkov/Desktop/matsim-montpellier/scenarios/equil/]
2026-08-12T11:49:28,653  INFO Config:457 setting context to [file:/Users/artyomkholodkov/Desktop/matsim-montpellier/scenarios/equil/]
2026-08-12T11:49:28,653  INFO Config:457 setting context to [file:/Users/artyomkholodkov/Desktop/matsim-montpellier/scenarios/equil/]
2026-08-12T11:49:28,654  INFO Config:457 setting context to [file:/Users/artyomkholodkov/Desktop/matsim-montpellier/scenarios/equil/]
2026-08-12T11:49:28,655  INFO MatsimVehicleWriter:49 about to write vehicles to: ./output/output_vehicles.xml.zst
2026-08-12T11:49:28,655  INFO VehicleWriterV2:64 about to write vehicles to: ./output/output_vehicles.xml.zst
2026-08-12T11:49:28,656  INFO MatsimVehicleWriter:49 about to write vehicles to: ./output/output_allVehicles.xml.zst
2026-08-12T11:49:28,656  INFO VehicleWriterV2:64 about to write vehicles to: ./output/output_allVehicles.xml.zst
2026-08-12T11:49:28,657  INFO HouseholdsWriterV10:68 about to write  households to: ./output/output_households.xml.zst
2026-08-12T11:49:28,657  INFO Counter:76 [HouseholdsWriter] wrote household # 0
2026-08-12T11:49:28,658  INFO CountsWriterV2:45 Write Counts to ./output/output_counts.xml.zst
2026-08-12T11:49:28,659  INFO ControllerListenerManagerImpl:162 calling notifyShutdown on org.matsim.analysis.ModeChoiceCoverageControllerListener with priority 0.0
2026-08-12T11:49:28,659  INFO ControllerListenerManagerImpl:162 calling notifyShutdown on org.matsim.analysis.ScoreStatsControlerListener with priority 0.0
2026-08-12T11:49:28,660  INFO ControllerListenerManagerImpl:162 calling notifyShutdown on org.matsim.analysis.IterationTravelStatsControllerListener with priority 0.0
2026-08-12T11:49:28,660  INFO PersonWriter:36 Writing all Persons to personscsv
2026-08-12T11:49:28,661  INFO PersonWriter:54 ...done
2026-08-12T11:49:28,661  INFO ControllerListenerManagerImpl:162 calling notifyShutdown on org.matsim.analysis.LinkStatsControllerListener with priority 0.0
2026-08-12T11:49:28,664  INFO ControllerListenerManagerImpl:165 all ControlerShutdownListeners called.
2026-08-12T11:49:28,664  INFO ControllerListenerManagerImpl:169 Start running scenario consistency checker ...
2026-08-12T11:49:28,664  INFO ControllerListenerManagerImpl:171 All ScenarioChecker called.
2026-08-12T11:49:28,664  INFO MatsimRuntimeModifications:104 Learn more about the MATSim Association: https://www.matsim.org/association/
2026-08-12T11:49:28,664  INFO MatsimRuntimeModifications:105 S H U T D O W N   ---   shutdown completed.
2026-08-12T11:49:28,664  INFO OutputDirectoryLogging:173 closing the logfile, i.e. messages sent to the logger after this message are not written to the logfile.
